,Gender,Age,Marital_status,Employees_status,Referal,AgeCategory
0,0,19.0,1,4,1.0,2
1,1,49.0,1,3,0.0,2
2,1,63.0,0,2,1.0,3
3,0,18.0,1,2,1.0,2
4,1,27.0,1,3,0.0,2
5,1,71.0,1,1,1.0,3
6,0,34.0,0,1,1.0,2
7,1,37.0,0,2,1.0,2
8,1,75.0,0,1,0.0,3
9,0,41.0,0,4,1.0,2
10,0,56.0,0,1,0.0,2
11,0,63.0,0,2,1.0,3
12,0,60.0,0,3,1.0,3
13,1,47.0,1,1,1.0,2
14,1,24.0,0,3,1.0,2
15,1,16.0,1,2,1.0,1
16,0,72.0,0,3,1.0,3
17,0,77.0,0,2,0.0,3
18,1,42.0,0,3,0.0,2
19,0,46.0,0,1,1.0,2
20,0,19.0,0,2,0.0,2
21,1,42.0,0,2,0.0,2
22,0,50.0,0,2,0.0,2
23,1,47.0,1,3,1.0,2
24,0,32.0,1,1,0.0,2
25,1,25.0,0,3,1.0,2
26,1,33.0,0,3,1.0,2
27,1,61.0,0,2,1.0,3
28,1,75.0,0,3,1.0,3
29,0,62.0,0,1,1.0,3
30,1,17.0,0,1,1.0,1
31,0,21.0,1,1,0.0,2
32,1,39.0,1,1,0.0,2
33,1,15.0,0,3,1.0,1
34,0,59.0,0,1,0.0,2
35,1,70.0,0,2,1.0,3
36,1,75.0,0,1,1.0,3
37,1,64.0,0,1,1.0,3
38,0,64.0,0,4,0.0,3
39,1,64.0,0,4,1.0,3
40,0,21.0,0,2,0.0,2
41,0,46.0,0,2,1.0,2
42,0,16.0,1,3,1.0,1
43,0,63.0,0,2,1.0,3
44,1,75.0,1,1,1.0,3
45,1,70.0,0,4,1.0,3
46,1,41.0,1,1,1.0,2
47,1,33.0,0,1,0.0,2
48,0,64.0,1,3,1.0,3
49,0,73.0,0,4,0.0,3
50,0,16.0,0,1,1.0,1
51,1,56.0,1,3,0.0,2
52,1,35.0,0,4,1.0,2
53,1,51.0,1,3,1.0,2
54,1,15.0,0,1,1.0,1
55,1,26.0,1,2,1.0,2
56,0,67.0,1,1,1.0,3
57,1,71.0,1,1,1.0,3
58,0,32.0,1,1,0.6521001272804412,2
59,1,73.0,0,1,0.0,3
60,1,55.0,0,1,1.0,2
61,0,72.0,0,4,0.6521001272804412,3
62,1,15.0,0,3,1.0,1
63,0,63.0,1,1,1.0,3
69,1,52.0,0,3,1.0,2
70,0,30.0,1,2,0.0,2
71,1,24.0,0,2,0.0,2
72,0,37.0,1,4,1.0,2
73,1,53.0,0,1,0.0,2
74,1,21.0,0,1,0.6521001272804412,2
75,1,24.0,0,2,1.0,2
76,0,48.0,0,4,1.0,2
77,0,69.0,1,2,0.6521001272804412,3
78,0,73.0,0,3,0.0,3
79,1,50.0,1,1,1.0,2
80,1,28.0,1,4,1.0,2
81,0,49.0,0,2,1.0,2
82,0,70.0,0,2,1.0,3
83,0,61.0,1,3,0.0,3
84,0,21.0,0,3,0.0,2
85,1,34.0,1,2,1.0,2
86,0,58.0,0,2,0.0,2
87,1,70.0,1,2,0.0,3
88,0,48.0,0,1,0.0,2
89,0,43.0,0,3,1.0,2
90,0,51.0,0,2,1.0,2
91,1,45.0,1,1,0.0,2
92,0,45.0,1,2,0.0,2
93,1,60.0,0,1,1.0,3
94,0,41.0,1,3,1.0,2
95,0,51.0,1,2,1.0,2
96,0,15.0,1,4,1.0,1
97,1,55.0,0,1,0.0,2
98,1,75.0,0,1,1.0,3
99,0,77.0,1,1,1.0,3
100,0,22.0,0,2,0.0,2
101,0,33.0,0,1,0.0,2
102,1,60.0,0,4,1.0,3
103,0,45.0,0,2,1.0,2
104,1,33.0,1,2,0.0,2
105,1,24.0,0,4,0.0,2
106,0,53.0,1,3,1.0,2
107,0,70.0,0,1,1.0,3
108,1,16.0,0,2,1.0,1
116,1,50.0,0,2,1.0,2
117,0,25.0,0,2,1.0,2
118,0,76.0,1,3,1.0,3
119,0,43.0,0,1,1.0,2
120,0,32.0,1,2,1.0,2
121,1,43.0,0,3,0.0,2
122,0,19.0,1,2,0.0,2
123,0,41.0,0,3,0.0,2
124,1,32.0,0,1,1.0,2
125,1,76.0,1,4,1.0,3
126,0,55.0,0,1,1.0,2
127,0,72.0,1,4,0.0,3
128,1,56.0,1,3,1.0,2
129,1,74.0,1,2,1.0,3
130,0,34.0,0,2,1.0,2
131,0,54.0,0,4,0.6521001272804412,2
132,0,31.0,0,3,1.0,2
133,0,69.0,1,3,1.0,3
134,1,52.0,1,4,1.0,2
135,0,15.0,0,3,0.0,1
136,1,74.0,1,2,0.0,3
137,0,68.0,1,1,1.0,3
138,1,24.0,0,1,0.0,2
139,0,77.0,1,3,0.0,3
140,0,16.0,0,2,0.0,1
141,0,33.0,1,1,0.0,2
142,1,26.0,0,4,0.0,2
143,1,28.0,1,2,1.0,2
144,0,49.0,0,1,1.0,2
145,1,52.0,0,2,0.0,2
146,1,18.0,1,1,0.0,2
147,1,71.0,1,2,0.0,3
148,1,22.0,0,2,0.0,2
149,0,54.0,0,4,1.0,2
150,0,77.0,0,2,1.0,3
151,1,59.0,0,1,1.0,2
152,1,61.0,0,3,1.0,3
153,0,45.0,0,1,0.0,2
154,1,39.0,0,2,1.0,2
155,1,16.0,0,1,1.0,1
156,0,28.0,1,1,1.0,2
157,1,25.0,0,1,1.0,2
158,0,42.0,0,1,1.0,2
159,0,28.0,0,1,1.0,2
160,1,63.0,0,1,1.0,3
161,1,46.0,1,2,0.6521001272804412,2
162,0,78.0,1,1,0.0,3
163,0,75.0,0,3,1.0,3
164,0,64.0,0,1,1.0,3
165,0,28.0,1,2,1.0,2
166,0,42.0,1,1,1.0,2
167,0,66.0,0,1,1.0,3
168,0,62.0,0,4,1.0,3
169,1,15.0,0,1,1.0,1
170,1,76.0,0,2,1.0,3
171,0,53.0,0,3,0.0,2
172,1,39.0,0,1,1.0,2
173,0,58.0,0,1,1.0,2
174,0,30.0,0,1,1.0,2
175,0,17.0,1,3,1.0,1
176,0,40.0,0,3,1.0,2
177,0,20.0,0,3,1.0,2
178,1,46.0,0,4,1.0,2
179,0,36.0,1,1,1.0,2
180,0,20.0,0,2,0.6521001272804412,2
181,0,20.0,1,1,0.0,2
182,0,30.0,0,2,1.0,2
183,1,40.0,0,2,1.0,2
184,1,45.0,1,1,1.0,2
185,0,17.0,1,1,1.0,1
186,0,40.0,0,2,0.0,2
187,0,47.0,0,2,0.0,2
188,1,37.0,0,1,0.6521001272804412,2
189,0,55.0,1,3,1.0,2
190,0,25.0,1,4,1.0,2
191,0,32.0,1,2,1.0,2
192,0,17.0,0,4,1.0,1
193,1,47.0,1,1,0.6521001272804412,2
194,0,62.0,0,1,0.0,3
195,1,33.0,0,1,1.0,2
196,0,72.0,0,3,0.6521001272804412,3
197,1,43.0,0,1,0.0,2
198,0,34.0,0,2,0.0,2
199,0,49.0,0,1,0.0,2
200,1,25.0,1,2,1.0,2
201,0,19.0,0,2,0.6521001272804412,2
202,1,47.0,1,4,1.0,2
203,0,15.0,0,1,1.0,1
204,1,66.0,0,2,1.0,3
205,0,37.0,0,1,1.0,2
206,1,62.0,1,1,0.0,3
207,0,67.0,1,1,1.0,3
208,1,21.0,1,2,1.0,2
209,1,75.0,1,4,1.0,3
210,1,17.0,0,1,1.0,1
211,0,62.0,0,3,1.0,3
212,0,15.0,1,2,1.0,1
213,1,64.0,1,4,1.0,3
214,1,54.0,1,1,1.0,2
215,0,45.0,1,1,1.0,2
216,0,43.0,0,2,0.0,2
217,1,26.0,0,1,0.0,2
218,1,17.0,1,3,1.0,1
219,1,78.0,0,2,0.0,3
220,0,65.0,0,1,1.0,3
221,1,19.0,1,4,1.0,2
222,1,65.0,0,1,1.0,3
223,0,35.0,1,2,0.0,2
224,0,41.0,0,1,1.0,2
225,1,59.0,1,2,1.0,2
226,0,64.0,0,2,1.0,3
227,0,15.0,1,3,1.0,1
228,0,58.0,0,1,0.6521001272804412,2
229,1,62.0,0,1,1.0,3
230,1,41.0,1,1,1.0,2
231,0,62.0,0,1,1.0,3
232,0,18.0,1,2,1.0,2
233,1,63.0,0,3,1.0,3
234,0,71.0,0,2,1.0,3
235,0,38.0,0,3,0.0,2
236,0,51.0,0,2,1.0,2
237,1,76.0,1,1,1.0,3
238,0,78.0,1,1,1.0,3
239,1,70.0,0,1,1.0,3
240,0,59.0,1,2,0.0,2
241,1,16.0,0,3,1.0,1
242,0,18.0,1,4,1.0,2
243,0,53.0,1,2,0.0,2
244,0,47.0,1,2,1.0,2
245,1,57.0,0,4,1.0,2
246,0,47.0,0,2,1.0,2
247,1,19.0,0,2,1.0,2
248,1,64.0,1,1,0.0,3
249,1,57.0,1,3,1.0,2
250,0,67.0,0,2,1.0,3
251,0,53.0,0,2,0.0,2
252,0,68.0,0,1,1.0,3
253,0,44.0,1,1,0.6521001272804412,2
254,0,78.0,0,1,0.6521001272804412,3
255,0,76.0,1,1,1.0,3
256,0,60.0,1,3,1.0,3
257,0,45.0,0,2,1.0,2
258,1,54.0,1,3,1.0,2
259,0,57.0,1,4,1.0,2
260,1,48.0,1,3,1.0,2
261,0,62.0,0,3,0.0,3
262,1,27.0,1,1,1.0,2
263,0,66.0,0,2,1.0,3
264,1,57.0,0,1,1.0,2
265,0,46.0,0,1,1.0,2
266,1,34.0,0,3,0.0,2
267,0,48.0,0,2,0.0,2
268,0,46.63765182186235,0,4,1.0,2
269,0,49.0,1,2,1.0,2
270,0,77.0,1,3,0.0,3
271,1,58.0,0,2,0.0,2
272,1,28.0,0,2,0.0,2
273,0,15.0,0,3,1.0,1
274,0,58.0,0,2,1.0,2
275,1,27.0,1,2,0.0,2
276,0,64.0,0,3,0.0,3
277,0,36.0,0,1,0.0,2
278,1,43.0,0,4,1.0,2
279,0,46.63765182186235,0,3,1.0,2
280,0,59.0,0,1,0.0,2
281,0,73.0,0,2,1.0,3
282,0,32.0,0,4,0.6521001272804412,2
283,0,51.0,0,2,1.0,2
284,0,51.0,0,3,1.0,2
285,0,45.0,1,1,0.0,2
286,0,50.0,0,1,1.0,2
287,0,56.0,0,1,1.0,2
288,0,74.0,0,2,1.0,3
289,0,49.0,0,2,0.6521001272804412,2
290,1,22.0,1,1,1.0,2
291,0,71.0,1,1,1.0,3
292,1,59.0,0,3,1.0,2
293,0,46.0,0,1,1.0,2
294,1,47.0,1,2,1.0,2
295,0,46.63765182186235,1,2,0.0,2
296,1,56.0,1,2,1.0,2
297,0,55.0,0,3,1.0,2
298,1,43.0,1,3,1.0,2
299,1,61.0,0,1,1.0,3
300,0,37.0,1,2,1.0,2
301,1,39.0,1,1,0.0,2
302,0,73.0,0,4,1.0,3
303,1,48.0,0,2,1.0,2
304,0,78.0,1,2,0.0,3
305,1,53.0,1,1,1.0,2
306,1,46.0,0,1,1.0,2
307,0,55.0,0,1,1.0,2
308,0,63.0,1,2,0.0,3
309,0,15.0,1,1,0.0,1
310,1,57.0,1,4,0.0,2
311,0,50.0,0,3,0.6521001272804412,2
312,0,37.0,1,1,0.0,2
313,1,28.0,1,1,0.0,2
314,1,18.0,0,4,1.0,2
315,0,35.0,1,2,1.0,2
316,0,70.0,0,1,1.0,3
317,0,50.0,0,1,0.0,2
318,0,54.0,0,2,0.0,2
319,0,48.0,0,2,1.0,2
320,0,68.0,0,2,0.0,3
321,0,30.0,0,1,1.0,2
322,0,38.0,0,1,0.0,2
323,1,32.0,0,3,1.0,2
324,1,67.0,0,2,0.0,3
325,0,58.0,0,1,1.0,2
326,1,31.0,0,4,1.0,2
327,1,42.0,1,2,1.0,2
328,1,62.0,0,1,1.0,3
329,1,54.0,1,1,0.0,2
330,1,66.0,1,2,0.0,3
331,0,43.0,1,2,0.0,2
332,0,37.0,0,1,0.0,2
333,0,40.0,0,1,0.0,2
334,1,54.0,1,4,1.0,2
335,0,42.0,0,1,1.0,2
336,1,70.0,0,3,0.0,3
337,0,42.0,0,2,1.0,2
338,1,22.0,0,1,1.0,2
339,0,17.0,0,1,0.0,1
340,1,46.63765182186235,1,2,0.0,2
341,1,54.0,0,1,1.0,2
342,0,55.0,0,1,0.0,2
343,0,30.0,0,3,1.0,2
344,1,61.0,1,1,0.0,3
345,1,48.0,0,3,1.0,2
346,0,42.0,0,4,0.0,2
347,0,54.0,0,1,0.6521001272804412,2
348,1,31.0,1,4,1.0,2
349,0,78.0,0,1,0.0,3
350,1,54.0,0,4,0.6521001272804412,2
351,0,37.0,1,4,1.0,2
352,0,49.0,1,4,0.0,2
353,1,72.0,0,2,1.0,3
354,0,74.0,0,1,1.0,3
355,1,68.0,0,1,0.6521001272804412,3
356,0,18.0,1,1,1.0,2
357,1,65.0,0,3,1.0,3
358,0,56.0,1,3,1.0,2
359,1,50.0,0,1,1.0,2
360,0,70.0,0,3,1.0,3
361,1,40.0,1,2,0.0,2
362,0,54.0,0,1,1.0,2
363,1,31.0,0,2,0.0,2
364,1,63.0,1,1,1.0,3
365,0,26.0,1,1,1.0,2
366,0,15.0,1,2,1.0,1
367,0,50.0,1,1,0.0,2
368,1,70.0,1,1,1.0,3
369,1,75.0,0,2,0.0,3
370,1,25.0,1,1,1.0,2
371,0,57.0,0,3,0.0,2
372,1,42.0,1,2,1.0,2
373,1,54.0,0,4,1.0,2
374,1,50.0,0,2,0.0,2
375,0,39.0,1,1,0.0,2
376,1,52.0,1,3,1.0,2
377,0,53.0,0,1,0.0,2
378,1,44.0,1,1,1.0,2
379,0,31.0,1,3,1.0,2
380,1,25.0,1,4,0.0,2
381,0,67.0,0,1,1.0,3
382,1,59.0,1,1,0.0,2
383,0,64.0,1,4,1.0,3
384,1,47.0,0,2,1.0,2
385,1,43.0,1,1,0.0,2
386,0,40.0,0,1,1.0,2
387,0,31.0,1,1,1.0,2
388,0,51.0,1,3,1.0,2
389,1,26.0,1,1,1.0,2
390,1,28.0,0,1,1.0,2
391,1,67.0,0,2,1.0,3
392,1,56.0,0,2,1.0,2
393,0,65.0,0,3,1.0,3
394,0,24.0,0,2,1.0,2
395,1,66.0,1,2,0.6521001272804412,3
396,0,26.0,0,4,1.0,2
397,1,68.0,0,3,0.0,3
398,1,61.0,1,1,1.0,3
399,0,39.0,1,3,0.6521001272804412,2
400,0,60.0,1,1,1.0,3
401,0,51.0,1,1,0.0,2
402,1,32.0,1,2,1.0,2
403,0,78.0,0,2,1.0,3
404,1,60.0,0,2,0.0,3
405,1,42.0,0,2,1.0,2
406,1,48.0,0,4,1.0,2
407,0,27.0,0,1,1.0,2
408,1,36.0,0,1,1.0,2
409,1,54.0,1,1,1.0,2
410,0,61.0,0,1,0.0,3
411,0,28.0,0,4,1.0,2
412,1,30.0,0,1,0.0,2
413,0,40.0,0,2,0.6521001272804412,2
414,0,37.0,1,3,1.0,2
415,1,70.0,1,3,0.0,3
416,1,65.0,0,4,0.0,3
417,1,46.0,1,2,1.0,2
418,0,46.0,0,1,1.0,2
419,0,24.0,1,1,1.0,2
420,0,67.0,0,1,0.6521001272804412,3
421,0,72.0,1,2,0.0,3
422,1,19.0,1,3,1.0,2
423,1,51.0,0,1,0.6521001272804412,2
424,0,30.0,0,1,1.0,2
425,0,20.0,0,3,0.0,2
426,1,64.0,1,4,1.0,3
427,0,71.0,0,1,1.0,3
428,1,50.0,0,2,1.0,2
429,0,63.0,1,2,1.0,3
430,0,32.0,0,3,0.0,2
431,0,26.0,0,4,1.0,2
432,0,65.0,0,1,1.0,3
433,0,63.0,1,1,1.0,3
434,1,38.0,1,4,1.0,2
435,0,48.0,0,1,0.0,2
436,1,55.0,0,2,1.0,2
437,0,44.0,0,1,1.0,2
438,1,43.0,1,3,1.0,2
439,1,65.0,1,3,1.0,3
440,1,72.0,0,1,0.0,3
441,1,50.0,0,1,1.0,2
442,0,42.0,1,2,0.0,2
443,1,44.0,0,2,0.0,2
444,0,39.0,0,2,1.0,2
445,0,42.0,1,1,0.0,2
446,0,52.0,1,1,1.0,2
447,1,60.0,0,1,0.0,3
448,1,49.0,0,1,1.0,2
449,0,41.0,1,1,1.0,2
450,0,46.63765182186235,1,2,0.0,2
451,0,27.0,1,1,0.0,2
452,1,54.0,0,1,1.0,2
453,0,52.0,0,2,0.6521001272804412,2
454,0,65.0,1,2,0.0,3
455,1,44.0,1,1,1.0,2
456,1,24.0,0,1,0.6521001272804412,2
457,0,29.0,0,3,1.0,2
458,1,68.0,0,1,0.0,3
459,0,66.0,0,1,0.0,3
460,1,31.0,0,2,1.0,2
461,1,77.0,1,3,1.0,3
462,0,33.0,0,2,0.0,2
463,1,20.0,0,1,1.0,2
464,0,36.0,1,1,1.0,2
465,0,18.0,0,2,0.0,2
466,0,53.0,0,1,1.0,2
467,1,17.0,1,4,0.0,1
468,0,49.0,1,4,0.6521001272804412,2
469,0,32.0,0,1,1.0,2
470,1,59.0,0,1,0.0,2
471,1,43.0,0,3,0.0,2
472,0,60.0,1,2,0.0,3
473,0,42.0,1,3,1.0,2
474,1,24.0,0,1,1.0,2
475,0,71.0,1,1,1.0,3
476,0,22.0,1,2,1.0,2
477,1,42.0,0,3,1.0,2
478,1,71.0,1,3,1.0,3
479,1,38.0,0,4,0.0,2
480,0,64.0,1,2,1.0,3
481,1,71.0,0,2,1.0,3
482,1,40.0,1,2,1.0,2
483,1,43.0,1,2,0.0,2
484,0,36.0,0,2,0.0,2
485,1,65.0,0,3,1.0,3
486,0,76.0,0,1,0.0,3
487,0,15.0,0,1,0.0,1
488,0,37.0,0,2,1.0,2
489,1,52.0,0,3,0.0,2
490,1,30.0,1,2,1.0,2
491,1,46.0,0,4,0.0,2
492,0,16.0,1,2,0.0,1
493,0,72.0,0,3,1.0,3
494,1,37.0,0,3,1.0,2
495,0,70.0,0,2,1.0,3
496,1,26.0,0,2,0.0,2
497,1,16.0,0,2,1.0,1
498,1,53.0,0,3,0.6521001272804412,2
499,0,40.0,1,2,1.0,2
500,0,30.0,0,1,0.0,2
501,1,38.0,0,2,1.0,2
502,1,33.0,0,3,1.0,2
503,0,26.0,1,3,1.0,2
504,0,49.0,1,1,1.0,2
505,0,30.0,0,1,1.0,2
506,0,76.0,0,2,1.0,3
507,0,26.0,1,4,0.0,2
508,0,55.0,0,1,1.0,2
509,1,70.0,0,1,1.0,3
510,0,60.0,1,2,1.0,3
511,0,66.0,0,2,0.0,3
512,1,30.0,0,2,1.0,2
513,0,78.0,1,2,0.0,3
514,0,72.0,0,3,1.0,3
515,0,41.0,0,1,1.0,2
516,0,34.0,0,1,1.0,2
517,1,26.0,0,1,1.0,2
518,0,46.63765182186235,0,4,0.6521001272804412,2
519,0,69.0,0,1,1.0,3
520,0,45.0,0,2,1.0,2
521,0,76.0,1,1,1.0,3
522,1,50.0,0,2,1.0,2
523,1,51.0,1,2,0.0,2
524,0,49.0,0,1,0.0,2
525,1,55.0,0,1,1.0,2
526,0,65.0,1,2,0.0,3
527,0,62.0,0,1,0.0,3
528,0,59.0,1,2,0.6521001272804412,2
529,0,47.0,1,2,1.0,2
530,0,44.0,1,1,1.0,2
531,1,24.0,1,3,0.0,2
532,1,43.0,0,1,1.0,2
533,1,24.0,1,2,0.6521001272804412,2
534,1,46.0,0,2,0.0,2
535,0,29.0,0,2,1.0,2
536,1,48.0,1,1,0.6521001272804412,2
537,0,72.0,0,1,1.0,3
538,0,24.0,1,3,0.0,2
539,1,72.0,1,3,1.0,3
540,0,46.63765182186235,0,1,0.0,2
541,1,69.0,1,2,1.0,3
542,0,28.0,1,1,0.6521001272804412,2
543,0,44.0,1,1,0.0,2
544,0,59.0,1,1,1.0,2
545,0,66.0,0,2,0.0,3
546,1,72.0,1,2,1.0,3
547,0,41.0,1,2,1.0,2
548,1,47.0,1,1,1.0,2
549,1,33.0,0,2,1.0,2
550,0,69.0,1,2,1.0,3
551,0,55.0,1,1,0.0,2
552,0,31.0,0,4,1.0,2
553,0,17.0,0,1,1.0,1
554,0,39.0,1,1,0.0,2
555,1,52.0,0,2,1.0,2
556,1,51.0,0,4,0.0,2
557,0,17.0,1,1,1.0,1
558,1,48.0,0,2,1.0,2
559,1,71.0,0,1,1.0,3
560,0,52.0,0,2,1.0,2
561,1,40.0,1,3,0.6521001272804412,2
562,0,17.0,0,2,1.0,1
563,0,42.0,1,4,0.0,2
564,1,43.0,1,3,0.0,2
565,1,49.0,0,4,1.0,2
566,1,50.0,0,2,1.0,2
567,1,74.0,0,1,1.0,3
568,1,46.0,1,2,0.0,2
569,0,20.0,1,3,0.0,2
570,0,41.0,1,1,1.0,2
571,1,36.0,1,1,0.0,2
572,0,61.0,0,3,1.0,3
573,1,47.0,1,3,0.0,2
574,0,37.0,0,2,0.0,2
575,1,64.0,0,1,1.0,3
576,1,38.0,0,2,0.0,2
577,1,34.0,0,1,1.0,2
578,0,20.0,1,1,1.0,2
579,0,16.0,0,2,1.0,1
580,1,49.0,1,2,1.0,2
581,0,47.0,0,2,1.0,2
582,0,37.0,0,1,0.0,2
583,1,46.63765182186235,1,1,1.0,2
584,1,50.0,0,1,1.0,2
585,1,43.0,1,3,1.0,2
586,1,66.0,1,1,1.0,3
587,1,19.0,0,2,0.0,2
588,0,37.0,0,4,1.0,2
589,1,51.0,1,1,1.0,2
590,1,24.0,1,2,0.0,2
591,1,32.0,1,2,1.0,2
592,1,15.0,1,1,0.6521001272804412,1
593,1,46.0,0,3,1.0,2
594,0,60.0,0,1,0.0,3
595,0,43.0,1,3,0.0,2
596,0,46.0,0,2,1.0,2
597,0,62.0,0,1,1.0,3
598,1,39.0,0,1,1.0,2
599,0,73.0,1,1,0.0,3
600,1,38.0,0,2,1.0,2
601,1,71.0,0,1,1.0,3
602,1,54.0,0,3,0.0,2
603,0,34.0,0,1,0.6521001272804412,2
604,0,42.0,0,1,1.0,2
605,0,27.0,0,2,1.0,2
606,0,25.0,1,3,1.0,2
607,1,16.0,0,1,0.0,1
608,1,34.0,1,2,0.0,2
609,1,71.0,1,2,0.0,3
610,0,75.0,1,3,1.0,3
611,0,18.0,1,2,1.0,2
612,0,46.0,1,1,1.0,2
613,0,56.0,1,2,1.0,2
614,1,32.0,1,1,0.0,2
615,1,24.0,0,2,0.0,2
616,0,46.0,0,1,1.0,2
617,1,43.0,0,1,1.0,2
618,1,18.0,1,1,0.0,2
619,1,21.0,0,2,1.0,2
620,1,64.0,0,2,1.0,3
621,1,54.0,1,3,0.0,2
622,0,15.0,1,4,0.0,1
623,0,24.0,0,2,0.0,2
624,0,53.0,0,2,1.0,2
625,0,67.0,1,3,0.0,3
626,0,36.0,1,1,1.0,2
627,0,68.0,1,2,1.0,3
628,0,43.0,0,3,1.0,2
629,1,64.0,0,2,1.0,3
630,0,46.0,1,4,0.0,2
631,1,75.0,0,3,1.0,3
632,0,41.0,1,3,1.0,2
633,0,77.0,1,2,1.0,3
634,0,38.0,1,3,1.0,2
635,0,50.0,0,2,1.0,2
636,0,46.0,0,2,1.0,2
637,1,64.0,0,2,0.0,3
638,1,67.0,1,2,0.0,3
639,1,62.0,1,2,0.6521001272804412,3
640,1,69.0,0,1,1.0,3
641,1,59.0,0,3,0.0,2
642,1,39.0,0,4,0.0,2
643,0,40.0,0,2,1.0,2
644,0,75.0,1,2,0.0,3
645,0,40.0,0,3,1.0,2
646,0,54.0,0,2,0.6521001272804412,2
647,1,45.0,0,1,1.0,2
648,1,36.0,0,2,1.0,2
649,0,40.0,1,4,1.0,2
650,0,68.0,0,2,1.0,3
651,0,55.0,1,2,1.0,2
652,1,32.0,1,4,0.0,2
653,0,72.0,1,3,1.0,3
654,0,62.0,1,4,1.0,3
655,0,55.0,0,4,1.0,2
656,0,18.0,1,3,0.0,2
657,0,46.63765182186235,1,2,1.0,2
658,0,53.0,0,1,0.0,2
659,1,61.0,1,2,1.0,3
660,0,15.0,0,3,1.0,1
661,1,24.0,0,2,1.0,2
662,0,73.0,1,1,0.0,3
663,1,24.0,0,1,0.0,2
664,0,35.0,0,1,0.0,2
665,0,65.0,0,2,0.0,3
666,1,35.0,1,4,1.0,2
667,0,22.0,0,1,0.0,2
668,0,15.0,0,1,1.0,1
669,0,65.0,0,2,1.0,3
670,1,65.0,1,3,0.6521001272804412,3
671,0,63.0,0,3,1.0,3
672,1,47.0,1,1,1.0,2
673,0,38.0,0,1,1.0,2
674,0,42.0,0,2,0.6521001272804412,2
675,1,16.0,1,1,1.0,1
676,1,57.0,1,1,0.0,2
677,1,55.0,0,2,1.0,2
678,0,55.0,1,2,1.0,2
679,0,28.0,1,4,1.0,2
680,0,37.0,0,1,1.0,2
681,1,35.0,0,4,0.0,2
682,0,26.0,1,1,1.0,2
683,0,63.0,0,2,1.0,3
684,1,78.0,0,1,0.0,3
685,1,56.0,1,3,1.0,2
686,0,53.0,0,2,1.0,2
687,0,34.0,0,2,0.0,2
688,0,69.0,0,1,1.0,3
689,0,30.0,1,1,0.0,2
690,0,31.0,1,3,0.0,2
691,0,57.0,0,1,0.0,2
692,1,55.0,1,1,1.0,2
693,0,76.0,0,4,1.0,3
694,1,31.0,1,3,0.0,2
695,1,33.0,1,1,1.0,2
696,0,40.0,0,2,1.0,2
697,0,50.0,1,1,1.0,2
698,1,26.0,1,2,0.0,2
699,1,31.0,1,2,1.0,2
700,1,40.0,1,3,0.6521001272804412,2
701,1,67.0,1,2,1.0,3
702,1,34.0,0,3,1.0,2
703,0,56.0,0,1,0.0,2
704,0,34.0,0,3,1.0,2
705,0,48.0,0,2,1.0,2
706,1,40.0,0,2,1.0,2
707,1,50.0,1,3,1.0,2
708,0,75.0,0,1,0.0,3
709,0,57.0,0,1,1.0,2
710,1,27.0,1,3,0.6521001272804412,2
711,0,40.0,0,4,1.0,2
712,1,43.0,0,4,1.0,2
713,1,72.0,1,4,0.0,3
714,0,68.0,1,3,0.0,3
715,1,35.0,0,1,1.0,2
716,0,37.0,0,4,1.0,2
717,0,19.0,0,1,1.0,2
718,0,66.0,0,3,0.6521001272804412,3
719,1,43.0,0,3,1.0,2
720,0,19.0,0,1,1.0,2
721,0,18.0,0,1,1.0,2
722,0,31.0,1,2,1.0,2
723,0,40.0,1,2,1.0,2
724,0,37.0,0,4,1.0,2
725,0,73.0,0,2,1.0,3
726,0,29.0,0,3,0.0,2
727,1,42.0,1,3,0.0,2
728,0,53.0,0,2,1.0,2
729,0,15.0,1,3,1.0,1
730,0,58.0,0,3,1.0,2
731,0,74.0,0,2,1.0,3
732,0,46.63765182186235,0,1,1.0,2
733,0,38.0,0,4,1.0,2
734,0,45.0,1,1,0.0,2
735,1,45.0,0,1,0.6521001272804412,2
736,1,63.0,0,1,1.0,3
737,1,56.0,1,2,1.0,2
738,0,62.0,0,3,1.0,3
739,0,39.0,0,1,0.0,2
740,1,35.0,0,3,0.0,2
741,1,25.0,0,3,1.0,2
742,1,25.0,1,2,1.0,2
743,1,44.0,1,1,1.0,2
744,0,22.0,0,2,1.0,2
745,1,49.0,1,3,0.0,2
746,1,54.0,1,3,0.0,2
747,0,16.0,0,4,1.0,1
748,1,54.0,1,2,1.0,2
749,0,39.0,1,2,1.0,2
750,1,46.63765182186235,0,2,1.0,2
751,0,56.0,1,1,1.0,2
752,1,41.0,0,2,0.0,2
753,1,63.0,0,3,0.0,3
754,0,72.0,1,2,1.0,3
755,0,46.63765182186235,1,1,0.0,2
756,0,78.0,0,3,1.0,3
757,1,24.0,1,1,1.0,2
758,0,40.0,0,2,1.0,2
759,0,36.0,0,1,0.6521001272804412,2
760,1,24.0,0,2,1.0,2
761,1,78.0,0,2,1.0,3
762,1,36.0,0,1,0.0,2
763,0,66.0,0,1,1.0,3
764,1,59.0,0,1,1.0,2
765,0,44.0,1,3,0.0,2
766,1,66.0,1,2,1.0,3
767,1,18.0,0,2,0.0,2
768,1,53.0,0,3,1.0,2
769,1,43.0,0,1,1.0,2
770,1,72.0,1,1,1.0,3
771,1,62.0,0,2,1.0,3
772,1,35.0,1,2,1.0,2
773,1,18.0,0,1,0.0,2
774,0,27.0,1,1,1.0,2
775,0,59.0,0,2,0.0,2
776,1,36.0,0,1,1.0,2
777,1,65.0,0,2,0.6521001272804412,3
778,1,50.0,0,1,1.0,2
779,0,24.0,1,2,1.0,2
780,0,71.0,0,2,1.0,3
781,0,36.0,1,1,0.6521001272804412,2
782,0,46.0,1,1,1.0,2
783,0,55.0,1,2,1.0,2
784,1,52.0,1,1,1.0,2
785,0,29.0,0,3,1.0,2
786,1,32.0,1,1,1.0,2
787,1,66.0,1,2,1.0,3
788,1,71.0,1,1,1.0,3
789,0,17.0,0,3,1.0,1
790,1,37.0,1,3,0.0,2
791,0,34.0,0,4,1.0,2
792,1,48.0,0,2,1.0,2
793,0,56.0,1,1,1.0,2
794,0,61.0,0,2,1.0,3
795,0,28.0,0,3,1.0,2
796,0,54.0,0,1,1.0,2
797,0,76.0,0,1,1.0,3
798,0,75.0,0,3,0.0,3
799,0,74.0,0,1,1.0,3
800,1,69.0,1,1,1.0,3
801,1,52.0,0,1,0.0,2
802,0,33.0,1,3,1.0,2
803,0,33.0,0,2,0.0,2
804,0,35.0,0,4,0.0,2
805,0,60.0,0,1,1.0,3
806,0,46.63765182186235,0,2,1.0,2
807,1,32.0,0,3,0.6521001272804412,2
808,1,20.0,1,1,1.0,2
809,0,69.0,1,2,1.0,3
810,0,30.0,0,3,1.0,2
811,0,34.0,1,3,1.0,2
812,1,40.0,0,1,1.0,2
813,1,37.0,0,1,0.0,2
814,0,22.0,1,1,0.0,2
815,0,26.0,0,3,1.0,2
816,0,43.0,1,1,1.0,2
817,0,39.0,0,2,0.0,2
818,0,46.0,1,1,1.0,2
819,1,31.0,1,3,1.0,2
820,1,70.0,1,3,1.0,3
821,0,72.0,1,2,1.0,3
822,0,67.0,0,2,0.0,3
823,1,78.0,1,2,1.0,3
824,1,45.0,0,1,0.0,2
825,0,30.0,0,1,1.0,2
826,0,46.63765182186235,0,1,1.0,2
827,0,77.0,0,2,1.0,3
828,0,26.0,1,2,1.0,2
829,0,59.0,1,2,1.0,2
830,0,28.0,0,2,1.0,2
831,1,53.0,1,1,1.0,2
832,0,47.0,0,1,1.0,2
833,0,41.0,0,2,0.0,2
834,1,73.0,0,2,1.0,3
835,1,48.0,1,1,1.0,2
836,0,71.0,1,1,1.0,3
837,1,51.0,1,4,1.0,2
838,1,69.0,0,1,0.0,3
839,0,20.0,1,1,1.0,2
840,1,41.0,0,1,1.0,2
841,1,55.0,0,1,1.0,2
842,0,37.0,0,2,0.0,2
843,0,34.0,1,3,1.0,2
844,0,28.0,1,1,1.0,2
845,0,63.0,0,1,1.0,3
846,0,30.0,1,2,0.0,2
847,0,24.0,0,2,1.0,2
848,1,62.0,0,2,0.0,3
849,0,57.0,0,2,1.0,2
850,0,51.0,1,1,1.0,2
851,1,55.0,1,1,1.0,2
852,1,63.0,0,2,0.0,3
853,0,19.0,1,2,1.0,2
854,0,16.0,0,2,0.6521001272804412,1
855,1,55.0,0,3,1.0,2
856,0,47.0,1,1,1.0,2
857,0,46.63765182186235,1,1,1.0,2
858,0,54.0,0,1,1.0,2
859,1,63.0,0,3,1.0,3
860,1,26.0,1,4,1.0,2
861,1,59.0,1,1,0.0,2
862,1,56.0,0,2,1.0,2
863,1,36.0,0,3,1.0,2
864,0,78.0,0,2,1.0,3
865,0,41.0,0,2,0.0,2
866,0,49.0,0,1,1.0,2
867,0,21.0,1,1,1.0,2
868,1,75.0,1,2,1.0,3
869,0,32.0,1,3,1.0,2
870,0,70.0,1,3,1.0,3
871,0,75.0,0,3,0.0,3
872,0,64.0,0,2,1.0,3
873,0,49.0,0,1,0.0,2
874,1,56.0,0,1,0.0,2
875,0,72.0,1,2,1.0,3
876,0,38.0,0,1,0.6521001272804412,2
877,0,40.0,1,3,1.0,2
878,1,26.0,0,2,0.0,2
879,1,42.0,1,1,0.0,2
880,1,65.0,1,2,0.0,3
881,0,46.0,1,4,0.0,2
882,1,51.0,0,3,1.0,2
883,1,71.0,1,1,0.0,3
884,1,39.0,1,2,1.0,2
885,1,75.0,1,2,0.6521001272804412,3
886,0,59.0,0,2,0.0,2
887,0,27.0,1,1,1.0,2
888,1,36.0,1,4,0.0,2
889,0,44.0,1,1,1.0,2
890,0,24.0,0,4,1.0,2
891,0,35.0,0,1,0.0,2
892,1,75.0,0,2,1.0,3
893,1,40.0,1,4,0.0,2
894,1,42.0,0,1,1.0,2
895,0,64.0,1,2,1.0,3
896,1,26.0,1,3,1.0,2
897,1,21.0,1,2,1.0,2
898,1,63.0,1,2,1.0,3
899,1,21.0,0,3,1.0,2
900,0,46.0,1,2,1.0,2
901,1,53.0,0,3,0.0,2
902,0,45.0,1,2,1.0,2
903,0,61.0,1,1,0.0,3
904,1,78.0,1,2,0.0,3
905,1,73.0,0,4,1.0,3
906,0,17.0,1,1,1.0,1
907,1,68.0,0,2,1.0,3
908,0,65.0,1,1,0.0,3
909,1,22.0,0,2,0.0,2
910,1,43.0,1,2,1.0,2
911,0,16.0,1,3,0.6521001272804412,1
912,0,51.0,0,4,1.0,2
913,1,50.0,0,1,1.0,2
914,0,59.0,0,3,1.0,2
915,0,35.0,0,3,0.6521001272804412,2
916,1,33.0,0,2,0.0,2
917,1,28.0,0,1,1.0,2
918,1,53.0,1,1,1.0,2
919,0,42.0,0,1,0.0,2
920,1,72.0,1,2,1.0,3
921,0,67.0,1,4,1.0,3
922,1,69.0,0,1,0.0,3
923,0,31.0,1,1,1.0,2
924,0,52.0,1,2,1.0,2
925,1,75.0,0,1,1.0,3
926,0,51.0,1,4,0.0,2
927,1,49.0,1,1,0.0,2
928,1,18.0,1,3,1.0,2
929,1,61.0,0,2,0.6521001272804412,3
930,1,66.0,1,4,0.6521001272804412,3
931,0,47.0,0,4,1.0,2
932,0,45.0,1,2,0.0,2
933,0,26.0,1,2,1.0,2
934,0,53.0,0,1,1.0,2
935,0,35.0,0,2,1.0,2
936,0,41.0,0,1,1.0,2
937,0,31.0,0,1,1.0,2
938,1,57.0,1,2,0.6521001272804412,2
939,0,32.0,0,1,1.0,2
940,0,22.0,1,3,0.6521001272804412,2
941,0,47.0,0,1,0.0,2
942,1,18.0,0,1,1.0,2
943,0,77.0,1,3,1.0,3
944,1,43.0,0,1,0.0,2
945,1,19.0,0,4,1.0,2
946,1,52.0,0,1,1.0,2
947,0,62.0,0,3,0.0,3
948,1,55.0,1,3,0.6521001272804412,2
949,0,69.0,1,1,1.0,3
950,0,61.0,0,1,0.0,3
951,0,60.0,1,1,0.0,3
952,0,62.0,0,4,0.0,3
953,0,37.0,0,2,1.0,2
954,0,28.0,0,4,1.0,2
955,0,67.0,0,1,1.0,3
956,1,42.0,1,1,1.0,2
957,1,28.0,1,2,1.0,2
958,0,64.0,0,1,1.0,3
959,1,43.0,1,2,1.0,2
960,1,48.0,1,2,1.0,2
961,1,64.0,0,3,0.0,3
962,0,56.0,0,2,1.0,2
963,0,32.0,0,3,0.0,2
964,1,45.0,0,2,1.0,2
965,1,30.0,0,3,0.6521001272804412,2
966,0,28.0,1,4,1.0,2
967,1,36.0,0,1,0.0,2
968,0,78.0,1,1,1.0,3
969,1,19.0,0,1,0.0,2
970,0,51.0,1,1,0.0,2
971,0,21.0,0,2,0.0,2
972,1,30.0,0,1,1.0,2
973,0,21.0,0,1,0.0,2
974,0,40.0,1,1,1.0,2
975,1,63.0,0,1,0.0,3
976,1,47.0,0,3,0.0,2
977,0,22.0,0,2,1.0,2
978,0,19.0,0,1,0.0,2
979,0,48.0,0,2,1.0,2
980,1,32.0,0,4,1.0,2
981,1,18.0,1,4,1.0,2
982,0,72.0,1,1,0.0,3
983,0,68.0,1,1,0.0,3
984,1,39.0,0,2,1.0,2
985,1,42.0,1,1,1.0,2
986,0,68.0,0,1,0.0,3
987,0,52.0,0,1,0.0,2
988,0,63.0,1,4,0.0,3
989,1,46.0,1,1,1.0,2
990,1,62.0,1,1,0.0,3
991,0,38.0,1,4,0.0,2
992,1,73.0,0,1,1.0,3
993,0,52.0,0,3,0.0,2
994,1,48.0,0,4,0.6521001272804412,2
995,1,34.0,0,3,0.0,2
996,0,76.0,0,1,1.0,3
997,0,72.0,0,2,1.0,3
998,1,66.0,0,3,1.0,3
999,0,67.0,1,1,0.0,3
1000,0,43.0,1,1,0.6521001272804412,2
1001,0,42.0,1,2,1.0,2
1002,1,55.0,0,1,1.0,2
1003,0,76.0,1,1,0.6521001272804412,3
1004,1,57.0,0,4,0.6521001272804412,2
1005,1,28.0,0,1,1.0,2
1006,1,56.0,1,2,0.0,2
1007,0,61.0,0,3,1.0,3
1008,1,27.0,0,4,0.0,2
1009,0,32.0,0,2,1.0,2
1010,1,62.0,1,4,0.0,3
1011,0,18.0,0,3,1.0,2
1012,1,45.0,0,4,1.0,2
1013,0,20.0,1,2,1.0,2
1014,1,53.0,0,3,0.0,2
1015,1,48.0,0,1,1.0,2
1016,0,41.0,1,1,1.0,2
1017,0,22.0,1,1,0.0,2
1018,1,70.0,1,1,1.0,3
1019,1,16.0,0,2,0.0,1
1020,0,77.0,1,1,1.0,3
1021,0,44.0,0,1,1.0,2
1022,0,68.0,1,1,1.0,3
1023,0,30.0,0,4,0.0,2
1024,0,37.0,1,3,0.0,2
1025,0,56.0,1,2,0.0,2
1026,1,71.0,0,3,1.0,3
1027,1,70.0,0,2,0.0,3
1028,0,36.0,0,1,0.0,2
1029,0,50.0,0,2,0.0,2
1030,1,69.0,1,3,1.0,3
1031,1,19.0,0,1,1.0,2
1032,0,49.0,1,3,0.0,2
1033,1,36.0,0,1,1.0,2
1034,1,27.0,1,3,1.0,2
1035,1,43.0,1,2,1.0,2
1036,1,42.0,0,1,1.0,2
1037,1,34.0,0,1,0.0,2
1038,1,15.0,0,2,0.6521001272804412,1
1039,1,20.0,1,3,1.0,2
1040,0,19.0,0,1,0.6521001272804412,2
1041,1,49.0,1,1,0.0,2
1042,0,29.0,0,3,0.0,2
1043,0,25.0,0,1,0.0,2
1044,0,72.0,0,1,1.0,3
1045,0,44.0,1,3,0.0,2
1046,1,59.0,1,2,1.0,2
1047,0,51.0,1,2,1.0,2
1048,0,57.0,0,3,0.0,2
1049,1,18.0,0,3,1.0,2
1050,1,30.0,0,1,0.0,2
1051,1,18.0,0,1,1.0,2
1052,1,26.0,0,1,0.6521001272804412,2
1053,0,38.0,0,2,1.0,2
1054,0,34.0,1,2,0.0,2
1055,0,36.0,1,4,1.0,2
1056,0,70.0,1,3,1.0,3
1057,0,46.63765182186235,1,2,1.0,2
1058,0,35.0,1,1,0.0,2
1059,1,46.0,0,3,1.0,2
1060,0,74.0,1,2,1.0,3
1061,1,70.0,1,2,1.0,3
1062,1,21.0,1,2,0.0,2
1063,0,39.0,1,3,1.0,2
1064,1,33.0,1,2,0.0,2
1065,0,47.0,0,1,0.0,2
1066,1,49.0,0,2,1.0,2
1067,0,34.0,1,2,1.0,2
1068,1,64.0,1,3,0.0,3
1069,0,36.0,1,3,0.0,2
1070,1,51.0,1,4,1.0,2
1071,0,21.0,0,4,0.6521001272804412,2
1072,0,51.0,1,3,0.0,2
1073,0,58.0,0,2,1.0,2
1074,0,22.0,0,3,1.0,2
1075,1,60.0,0,1,1.0,3
1076,1,20.0,1,4,0.0,2
1077,1,55.0,0,1,1.0,2
1078,0,69.0,0,1,0.0,3
1079,1,64.0,0,1,0.0,3
1080,1,73.0,0,1,0.0,3
1081,1,46.0,0,2,0.0,2
1082,1,78.0,1,1,1.0,3
1083,0,22.0,1,2,1.0,2
1084,0,65.0,0,2,0.0,3
1085,1,37.0,0,1,0.0,2
1086,0,55.0,0,2,0.6521001272804412,2
1087,0,68.0,1,1,0.0,3
1088,0,54.0,1,2,1.0,2
1089,0,50.0,1,4,0.0,2
1090,1,28.0,0,1,0.6521001272804412,2
1091,1,49.0,0,2,1.0,2
1092,1,75.0,1,3,0.6521001272804412,3
1093,1,53.0,1,1,1.0,2
1094,0,46.0,0,1,1.0,2
1095,0,50.0,1,3,0.0,2
1096,0,62.0,0,2,1.0,3
1097,0,59.0,0,2,1.0,2
1098,1,55.0,0,2,0.0,2
1099,0,25.0,0,3,0.6521001272804412,2
1100,0,56.0,1,4,0.0,2
1101,0,56.0,1,2,1.0,2
1102,0,78.0,0,1,0.0,3
1103,1,48.0,0,1,0.0,2
1104,1,66.0,0,1,1.0,3
1105,0,24.0,0,1,1.0,2
1106,1,34.0,0,1,1.0,2
1107,1,68.0,0,4,1.0,3
1108,0,51.0,0,1,1.0,2
1109,0,73.0,0,3,0.0,3
1110,0,75.0,0,3,1.0,3
1111,0,63.0,1,1,0.0,3
1112,0,39.0,0,3,0.0,2
1113,0,57.0,1,2,0.0,2
1114,1,46.0,0,2,0.0,2
1115,0,21.0,0,3,0.0,2
1116,0,35.0,1,1,1.0,2
1117,1,53.0,1,1,1.0,2
1118,1,27.0,0,2,0.0,2
1119,1,76.0,0,1,1.0,3
1120,0,38.0,1,2,1.0,2
1121,0,44.0,1,4,0.0,2
1122,0,35.0,0,3,1.0,2
1123,1,35.0,0,2,1.0,2
1124,0,26.0,1,1,1.0,2
1125,0,75.0,0,1,1.0,3
1126,0,18.0,1,1,1.0,2
1127,1,78.0,1,2,0.0,3
1128,1,20.0,1,3,1.0,2
1129,0,62.0,0,2,0.0,3
1130,0,22.0,0,2,1.0,2
1131,0,41.0,0,2,1.0,2
1132,1,70.0,1,1,0.0,3
1133,1,25.0,0,2,0.6521001272804412,2
1134,0,78.0,1,2,0.0,3
1135,1,29.0,0,3,1.0,2
1136,1,58.0,0,1,1.0,2
1137,1,65.0,1,1,1.0,3
1138,0,35.0,1,2,1.0,2
1139,0,17.0,0,3,0.0,1
1140,1,27.0,1,1,1.0,2
1141,0,67.0,1,1,1.0,3
1142,0,33.0,1,1,1.0,2
1143,1,47.0,0,2,1.0,2
1144,1,63.0,0,2,0.6521001272804412,3
1145,0,44.0,1,2,0.6521001272804412,2
1146,1,68.0,0,1,1.0,3
1147,1,47.0,0,2,1.0,2
1148,1,44.0,0,2,1.0,2
1149,0,48.0,1,4,0.0,2
1150,1,76.0,0,3,0.6521001272804412,3
1151,1,55.0,0,2,0.0,2
1152,1,71.0,1,4,1.0,3
1153,1,18.0,0,3,0.0,2
1154,0,67.0,1,3,1.0,3
1155,1,66.0,0,1,0.0,3
1156,1,48.0,0,1,1.0,2
1157,0,25.0,0,2,0.0,2
1158,0,76.0,0,1,0.0,3
1159,0,39.0,0,2,1.0,2
1160,1,56.0,1,2,1.0,2
1161,0,22.0,0,4,0.6521001272804412,2
1162,0,68.0,0,1,0.0,3
1163,1,60.0,1,2,1.0,3
1164,0,73.0,0,2,1.0,3
1165,1,75.0,0,1,0.0,3
1166,0,43.0,0,1,0.0,2
1167,1,34.0,0,1,0.6521001272804412,2
1168,0,62.0,0,3,0.6521001272804412,3
1169,1,78.0,0,1,1.0,3
1170,1,61.0,0,3,0.6521001272804412,3
1171,0,65.0,0,2,0.0,3
1172,0,58.0,1,1,0.0,2
1173,0,76.0,0,2,1.0,3
1174,1,66.0,0,3,0.0,3
1175,1,25.0,1,1,0.0,2
1176,0,44.0,1,1,0.0,2
1177,0,30.0,1,3,0.0,2
1178,0,71.0,1,1,0.0,3
1179,0,21.0,1,4,1.0,2
1180,1,62.0,0,3,1.0,3
1181,0,32.0,0,4,1.0,2
1182,0,51.0,1,2,1.0,2
1183,0,21.0,0,1,1.0,2
1184,0,56.0,0,1,1.0,2
1185,1,67.0,1,3,1.0,3
1186,0,60.0,0,2,0.0,3
1187,0,20.0,1,1,0.0,2
1188,1,38.0,1,2,0.0,2
1189,1,69.0,0,2,1.0,3
1190,1,47.0,0,1,1.0,2
1191,1,28.0,0,3,0.0,2
1192,0,20.0,0,2,1.0,2
1193,1,67.0,1,1,1.0,3
1194,1,28.0,0,1,0.0,2
1195,1,16.0,1,1,0.0,1
1196,1,19.0,0,2,1.0,2
1197,0,17.0,0,2,0.0,1
1198,0,77.0,1,1,1.0,3
1199,0,43.0,1,4,0.0,2
1200,0,48.0,1,1,0.0,2
1201,0,45.0,0,2,1.0,2
1202,0,71.0,1,2,1.0,3
1203,1,57.0,0,1,1.0,2
1204,1,27.0,1,1,1.0,2
1205,0,39.0,1,2,1.0,2
1206,0,20.0,0,1,0.0,2
1207,1,70.0,1,2,0.0,3
1208,0,30.0,0,2,0.0,2
1209,1,60.0,1,3,1.0,3
1210,0,54.0,0,1,1.0,2
1211,1,17.0,0,2,0.0,1
1212,0,76.0,0,1,0.0,3
1213,0,49.0,0,4,0.0,2
1214,1,66.0,1,1,0.0,3
1215,0,49.0,0,1,1.0,2
1216,0,37.0,1,2,1.0,2
1217,1,74.0,0,2,1.0,3
1218,1,77.0,0,2,0.0,3
1219,1,39.0,0,1,0.0,2
1220,0,42.0,0,1,1.0,2
1221,0,41.0,1,2,0.0,2
1222,0,59.0,0,3,1.0,2
1223,1,41.0,1,1,1.0,2
1224,0,15.0,0,2,1.0,1
1225,0,63.0,1,1,0.6521001272804412,3
1226,0,16.0,0,3,0.0,1
1227,0,61.0,0,2,1.0,3
1228,1,68.0,1,3,1.0,3
1229,0,25.0,0,1,1.0,2
1230,0,57.0,1,2,1.0,2
1231,0,67.0,0,2,1.0,3
1232,1,75.0,0,2,1.0,3
1233,1,25.0,0,2,1.0,2
1234,0,44.0,1,1,0.0,2
1235,1,51.0,0,2,0.0,2
1236,0,39.0,0,3,0.0,2
1237,1,30.0,0,2,1.0,2
1238,0,70.0,0,2,0.0,3
1239,1,70.0,0,3,1.0,3
1240,0,21.0,1,2,0.0,2
1241,0,62.0,0,4,1.0,3
1242,1,44.0,1,3,0.0,2
1243,1,66.0,0,1,0.6521001272804412,3
1244,1,50.0,0,2,1.0,2
1245,0,51.0,0,1,0.0,2
1246,0,54.0,0,4,1.0,2
1247,1,43.0,0,2,1.0,2
1248,1,50.0,1,3,0.0,2
1249,0,44.0,1,2,0.0,2
1250,1,42.0,0,2,1.0,2
1251,1,41.0,0,2,1.0,2
1252,1,64.0,1,4,0.6521001272804412,3
1253,0,78.0,0,1,0.0,3
1254,0,16.0,0,2,1.0,1
1255,0,49.0,1,4,1.0,2
1256,0,62.0,0,3,0.0,3
1257,1,65.0,1,2,1.0,3
1258,1,51.0,0,2,1.0,2
1259,0,47.0,1,1,1.0,2
1260,1,22.0,0,1,1.0,2
1261,0,58.0,1,2,1.0,2
1262,0,21.0,1,2,0.6521001272804412,2
1263,0,72.0,1,2,0.0,3
1264,1,22.0,1,1,1.0,2
1265,1,21.0,0,2,0.0,2
1266,1,62.0,1,4,1.0,3
1267,0,77.0,0,2,1.0,3
1268,0,62.0,0,1,1.0,3
1269,1,48.0,0,1,1.0,2
1270,0,22.0,0,4,1.0,2
1271,1,78.0,1,1,0.0,3
1272,1,75.0,0,2,1.0,3
1273,1,70.0,0,1,1.0,3
1274,1,77.0,0,1,1.0,3
1275,0,58.0,1,2,1.0,2
1276,0,44.0,0,3,1.0,2
1277,0,71.0,1,1,0.0,3
1278,0,15.0,0,4,1.0,1
1279,0,50.0,1,1,1.0,2
1280,0,29.0,1,1,0.0,2
1281,0,61.0,0,1,1.0,3
1282,1,50.0,0,2,1.0,2
1283,1,67.0,1,4,0.0,3
1284,1,66.0,0,1,0.0,3
1285,1,47.0,0,1,0.0,2
1286,1,16.0,0,1,0.0,1
1287,0,38.0,1,1,0.0,2
1288,0,62.0,0,1,1.0,3
1289,1,40.0,1,1,1.0,2
1290,0,30.0,1,1,0.0,2
1291,0,22.0,0,2,1.0,2
1292,0,36.0,1,3,0.0,2
1293,1,53.0,1,1,1.0,2
1294,1,46.63765182186235,0,1,0.6521001272804412,2
1295,0,29.0,1,3,0.0,2
1296,0,78.0,0,1,1.0,3
1297,1,53.0,1,1,1.0,2
1298,0,26.0,1,1,0.0,2
1299,1,43.0,0,1,1.0,2
1300,0,71.0,1,1,1.0,3
1301,0,75.0,0,1,1.0,3
1302,1,38.0,1,2,1.0,2
1303,1,60.0,1,2,0.0,3
1304,1,26.0,0,1,1.0,2
1305,1,76.0,1,3,0.0,3
1306,1,32.0,1,2,1.0,2
1307,0,51.0,0,1,1.0,2
1308,0,46.63765182186235,0,1,0.0,2
1309,1,61.0,0,1,1.0,3
1310,0,66.0,0,1,0.6521001272804412,3
1311,0,63.0,1,2,1.0,3
1312,0,56.0,0,4,1.0,2
1313,0,72.0,1,1,1.0,3
1314,1,51.0,1,1,1.0,2
1315,0,58.0,0,1,0.0,2
1316,1,19.0,1,2,1.0,2
1317,1,59.0,0,3,1.0,2
1318,0,43.0,1,1,1.0,2
1319,0,58.0,1,3,1.0,2
1320,1,37.0,0,4,0.0,2
1321,1,77.0,1,2,1.0,3
1322,0,40.0,0,1,1.0,2
1323,0,37.0,0,2,1.0,2
1324,1,43.0,0,4,1.0,2
1325,0,19.0,0,1,0.0,2
1326,0,39.0,0,3,1.0,2
1327,0,27.0,0,2,0.0,2
1328,0,19.0,0,4,0.0,2
1329,1,65.0,0,4,1.0,3
1330,1,27.0,1,4,1.0,2
1331,1,19.0,0,2,0.0,2
1332,1,16.0,0,2,1.0,1
1333,0,37.0,0,3,0.0,2
1334,0,30.0,1,1,0.0,2
1335,0,34.0,0,1,0.0,2
1336,1,57.0,1,2,0.6521001272804412,2
1337,0,21.0,0,3,0.6521001272804412,2
1338,1,17.0,0,3,0.0,1
1339,1,60.0,0,3,1.0,3
1340,1,76.0,0,2,0.0,3
1341,1,43.0,1,3,1.0,2
1342,1,19.0,0,3,1.0,2
1343,0,68.0,1,1,0.0,3
1344,1,54.0,0,1,1.0,2
1345,1,38.0,0,1,0.6521001272804412,2
1346,0,72.0,1,3,0.0,3
1347,1,32.0,1,4,0.0,2
1348,0,34.0,1,4,0.0,2
1349,0,52.0,0,1,1.0,2
1350,1,38.0,0,3,1.0,2
1351,1,65.0,0,1,0.6521001272804412,3
1352,0,32.0,1,1,0.6521001272804412,2
1353,0,28.0,1,1,1.0,2
1354,0,50.0,1,3,0.0,2
1355,0,47.0,0,1,1.0,2
1356,0,32.0,0,3,0.0,2
1357,0,68.0,1,4,1.0,3
1358,1,55.0,0,4,0.0,2
1359,1,25.0,1,1,1.0,2
1360,0,21.0,1,2,1.0,2
1361,0,32.0,0,4,1.0,2
1362,0,71.0,1,3,0.0,3
1363,0,77.0,1,2,1.0,3
1364,1,38.0,0,2,1.0,2
1365,1,47.0,0,2,0.0,2
1366,0,49.0,1,1,1.0,2
1367,0,61.0,1,2,1.0,3
1368,0,77.0,1,1,1.0,3
1369,0,17.0,1,2,1.0,1
1370,1,77.0,0,3,0.0,3
1371,0,19.0,0,1,0.0,2
1372,1,38.0,1,3,1.0,2
1373,0,60.0,1,3,0.6521001272804412,3
1374,0,59.0,0,2,0.0,2
1375,1,45.0,0,2,1.0,2
1376,0,36.0,1,2,1.0,2
1377,1,45.0,0,2,0.0,2
1378,1,58.0,0,1,1.0,2
1379,1,77.0,0,2,1.0,3
1380,1,55.0,0,3,0.0,2
1381,0,48.0,1,2,1.0,2
1382,0,68.0,0,1,0.0,3
1383,0,24.0,1,1,1.0,2
1384,0,49.0,1,1,1.0,2
1385,0,66.0,0,2,0.0,3
1386,0,32.0,0,1,1.0,2
1387,1,15.0,0,3,1.0,1
1388,0,26.0,0,1,0.0,2
1389,1,16.0,0,3,0.0,1
1390,0,21.0,1,2,1.0,2
1391,0,71.0,0,1,0.0,3
1392,1,60.0,0,4,0.0,3
1393,0,18.0,0,1,0.0,2
1394,1,41.0,0,3,1.0,2
1395,0,75.0,0,1,0.0,3
1396,0,16.0,1,2,0.0,1
1397,0,44.0,1,1,0.6521001272804412,2
1398,1,69.0,0,1,0.0,3
1399,0,33.0,1,4,0.0,2
1400,0,36.0,1,3,1.0,2
1401,0,19.0,1,1,1.0,2
1402,1,20.0,1,1,0.0,2
1403,0,46.63765182186235,0,2,1.0,2
1404,1,41.0,1,2,0.0,2
1405,1,65.0,1,3,1.0,3
1406,0,49.0,0,1,0.0,2
1407,1,64.0,1,1,0.6521001272804412,3
1408,1,60.0,0,1,1.0,3
1409,1,51.0,1,3,1.0,2
1410,1,56.0,0,2,1.0,2
1411,0,28.0,0,1,0.0,2
1412,1,64.0,1,1,0.0,3
1413,1,74.0,0,3,0.0,3
1414,1,28.0,0,4,1.0,2
1415,1,58.0,1,3,1.0,2
1416,1,20.0,1,2,1.0,2
1417,0,21.0,1,2,1.0,2
1418,0,34.0,0,1,0.0,2
1419,0,57.0,0,2,1.0,2
1420,0,35.0,1,1,1.0,2
1421,0,58.0,0,2,1.0,2
1422,1,37.0,1,3,1.0,2
1423,0,51.0,0,2,0.0,2
1424,0,73.0,0,3,1.0,3
1425,0,42.0,0,4,1.0,2
1426,0,33.0,0,2,0.6521001272804412,2
1427,1,50.0,0,3,1.0,2
1428,0,18.0,0,2,0.0,2
1429,1,71.0,0,1,1.0,3
1430,0,42.0,0,2,1.0,2
1431,1,75.0,0,2,1.0,3
1432,0,29.0,1,3,0.0,2
1433,1,38.0,0,1,1.0,2
1434,0,48.0,1,1,0.0,2
1435,1,61.0,0,2,1.0,3
1436,1,37.0,0,1,1.0,2
1437,0,44.0,1,1,1.0,2
1438,0,46.63765182186235,1,1,1.0,2
1439,0,33.0,1,3,0.0,2
1440,0,63.0,1,3,0.0,3
1441,0,27.0,0,2,0.0,2
1442,0,50.0,1,1,0.0,2
1443,1,41.0,1,1,0.0,2
1444,0,73.0,1,2,0.0,3
1445,0,53.0,0,3,0.0,2
1446,1,55.0,0,2,1.0,2
1447,1,53.0,0,3,0.0,2
1448,1,39.0,1,1,0.6521001272804412,2
1449,0,55.0,0,1,1.0,2
1450,1,70.0,0,1,0.0,3
1451,0,22.0,1,3,0.0,2
1452,0,45.0,1,1,0.0,2
1453,0,18.0,1,4,1.0,2
1454,0,39.0,0,1,0.0,2
1455,0,27.0,1,2,0.0,2
1456,1,33.0,1,2,0.0,2
1457,0,47.0,0,1,0.0,2
1458,1,21.0,1,4,1.0,2
1459,1,61.0,1,2,1.0,3
1460,0,75.0,1,3,0.6521001272804412,3
1461,1,28.0,0,2,0.0,2
1462,1,64.0,0,2,1.0,3
1463,0,72.0,0,1,1.0,3
1464,1,17.0,1,4,1.0,1
1465,1,67.0,0,1,1.0,3
1466,0,16.0,0,2,1.0,1
1467,0,72.0,0,3,1.0,3
1468,0,37.0,0,1,0.0,2
1469,1,52.0,0,2,1.0,2
1470,1,17.0,0,1,1.0,1
1471,1,27.0,0,3,1.0,2
1472,0,35.0,1,1,0.0,2
1473,1,57.0,1,2,0.0,2
1474,0,76.0,1,1,1.0,3
1475,0,33.0,1,1,1.0,2
1476,0,28.0,1,3,0.6521001272804412,2
1477,0,54.0,0,2,1.0,2
1478,1,42.0,1,3,1.0,2
1479,1,59.0,1,2,1.0,2
1480,0,72.0,0,1,1.0,3
1481,0,45.0,0,2,0.0,2
1482,0,76.0,0,2,0.0,3
1483,1,22.0,0,3,0.0,2
1484,0,28.0,0,3,1.0,2
1485,1,72.0,0,2,1.0,3
1486,1,37.0,0,3,1.0,2
1487,0,43.0,0,2,1.0,2
1488,1,16.0,0,3,1.0,1
1489,0,62.0,0,3,1.0,3
1490,1,76.0,1,4,0.6521001272804412,3
1491,0,64.0,1,3,1.0,3
1492,0,16.0,0,1,1.0,1
1493,1,71.0,0,4,1.0,3
1494,0,36.0,1,2,0.0,2
1495,0,24.0,0,2,0.0,2
1496,1,61.0,1,1,0.6521001272804412,3
1497,0,62.0,0,2,1.0,3
1498,1,37.0,0,4,1.0,2
1499,1,47.0,0,2,1.0,2
1500,0,21.0,1,2,1.0,2
1501,0,71.0,1,4,1.0,3
1502,0,21.0,0,3,0.0,2
1503,0,32.0,0,2,0.0,2
1504,1,58.0,0,3,0.0,2
1505,0,18.0,0,2,1.0,2
1506,1,71.0,0,4,1.0,3
1507,1,76.0,1,2,1.0,3
1508,0,48.0,0,3,0.6521001272804412,2
1509,0,59.0,0,1,1.0,2
1510,0,31.0,0,1,1.0,2
1511,0,55.0,0,4,0.0,2
1512,1,18.0,0,1,1.0,2
1513,0,46.63765182186235,0,1,1.0,2
1514,0,39.0,0,3,1.0,2
1515,1,46.63765182186235,0,2,0.6521001272804412,2
1516,0,35.0,0,3,1.0,2
1517,1,48.0,0,1,0.0,2
1518,0,46.63765182186235,1,4,1.0,2
1519,1,50.0,0,3,1.0,2
1520,0,28.0,0,3,1.0,2
1521,1,56.0,0,1,1.0,2
1522,0,56.0,0,3,1.0,2
1523,0,71.0,0,1,1.0,3
1524,1,24.0,0,4,0.0,2
1525,0,61.0,1,1,1.0,3
1526,0,27.0,1,2,0.0,2
1527,1,33.0,0,1,1.0,2
1528,0,63.0,1,3,1.0,3
1529,0,70.0,0,1,1.0,3
1530,0,28.0,0,2,0.6521001272804412,2
1531,0,53.0,0,3,1.0,2
1532,0,71.0,0,1,0.0,3
1533,1,31.0,0,1,1.0,2
1534,0,73.0,1,1,0.0,3
1535,0,54.0,1,2,1.0,2
1536,1,63.0,0,2,1.0,3
1537,0,61.0,0,2,1.0,3
1538,1,60.0,1,1,1.0,3
1539,1,56.0,1,2,0.0,2
1540,0,50.0,1,1,1.0,2
1541,0,63.0,1,3,0.0,3
1542,0,59.0,0,1,0.0,2
1543,1,17.0,0,2,0.0,1
1544,0,76.0,0,4,1.0,3
1545,1,63.0,0,1,1.0,3
1546,0,68.0,1,1,1.0,3
1547,1,19.0,0,2,0.0,2
1548,0,24.0,0,1,0.0,2
1549,1,56.0,0,2,1.0,2
1550,1,60.0,1,2,1.0,3
1551,1,16.0,0,3,1.0,1
1552,1,25.0,0,2,0.0,2
1553,0,17.0,0,2,1.0,1
1554,1,78.0,0,1,1.0,3
1555,1,54.0,1,3,1.0,2
1556,0,44.0,1,4,0.0,2
1557,0,70.0,0,2,0.6521001272804412,3
1558,0,35.0,1,1,1.0,2
1559,1,63.0,1,2,1.0,3
1560,0,67.0,0,2,0.0,3
1561,0,36.0,1,1,1.0,2
1562,0,77.0,0,1,1.0,3
1563,1,48.0,0,4,1.0,2
1564,1,78.0,0,4,1.0,3
1565,0,39.0,1,4,0.0,2
1566,0,68.0,0,2,1.0,3
1567,0,69.0,0,4,1.0,3
1568,1,18.0,1,1,0.0,2
1569,1,74.0,0,1,1.0,3
1570,0,34.0,0,4,0.0,2
1571,0,52.0,1,1,0.0,2
1572,0,67.0,1,1,1.0,3
1573,0,49.0,0,1,1.0,2
1574,1,67.0,0,2,0.0,3
1575,1,28.0,0,3,1.0,2
1576,1,70.0,0,2,1.0,3
1577,0,31.0,1,1,0.0,2
1578,0,52.0,0,1,1.0,2
1579,0,41.0,0,2,1.0,2
1580,0,62.0,1,3,1.0,3
1581,0,45.0,1,2,1.0,2
1582,1,21.0,0,3,0.0,2
1583,1,41.0,0,1,0.0,2
1584,0,17.0,1,1,1.0,1
1585,0,25.0,1,2,1.0,2
1586,1,34.0,0,1,0.6521001272804412,2
1587,0,24.0,0,1,1.0,2
1588,0,64.0,1,4,1.0,3
1589,0,18.0,0,4,1.0,2
1590,0,50.0,1,1,1.0,2
1591,0,20.0,0,2,1.0,2
1592,0,26.0,0,4,1.0,2
1593,1,46.63765182186235,0,2,0.0,2
1594,1,50.0,1,2,0.0,2
1595,0,78.0,0,1,0.0,3
1596,0,53.0,1,1,0.0,2
1597,0,56.0,1,3,1.0,2
1598,0,33.0,1,3,1.0,2
1599,1,64.0,1,1,0.0,3
1600,1,25.0,0,1,1.0,2
1601,0,19.0,0,2,1.0,2
1602,0,41.0,0,4,1.0,2
1603,1,29.0,1,3,1.0,2
1604,1,46.0,0,2,1.0,2
1605,0,38.0,1,1,1.0,2
1606,1,26.0,0,4,0.6521001272804412,2
1607,0,67.0,1,1,1.0,3
1608,1,56.0,1,1,0.0,2
1609,1,78.0,1,1,1.0,3
1610,0,74.0,0,2,0.0,3
1611,0,15.0,0,1,1.0,1
1612,0,32.0,0,1,0.0,2
1613,0,24.0,0,2,0.0,2
1614,0,25.0,0,3,1.0,2
1615,1,38.0,0,4,1.0,2
1616,1,36.0,1,4,1.0,2
1617,1,48.0,1,1,1.0,2
1618,0,53.0,1,1,1.0,2
1619,1,48.0,1,2,0.0,2
1620,0,35.0,0,1,0.0,2
1621,0,20.0,1,1,0.0,2
1622,0,42.0,0,1,0.0,2
1623,1,39.0,0,3,1.0,2
1624,0,21.0,0,1,1.0,2
1625,1,45.0,0,1,0.0,2
1626,0,71.0,1,1,0.6521001272804412,3
1627,0,51.0,1,1,1.0,2
1628,0,59.0,1,1,0.0,2
1629,0,26.0,1,3,1.0,2
1630,0,51.0,0,2,1.0,2
1631,0,55.0,1,1,1.0,2
1632,0,19.0,0,1,1.0,2
1633,0,76.0,1,2,1.0,3
1634,0,78.0,1,2,1.0,3
1635,1,26.0,0,2,1.0,2
1636,0,40.0,0,1,1.0,2
1637,1,34.0,1,2,0.0,2
1638,0,40.0,0,2,0.6521001272804412,2
1639,0,28.0,1,1,0.0,2
1640,0,49.0,0,1,0.0,2
1641,1,75.0,0,1,1.0,3
1642,1,38.0,1,4,1.0,2
1643,0,53.0,0,1,1.0,2
1644,1,31.0,1,2,1.0,2
1645,0,48.0,0,4,1.0,2
1646,0,46.0,0,2,0.0,2
1647,1,76.0,1,1,1.0,3
1648,0,70.0,0,3,0.6521001272804412,3
1649,1,62.0,1,4,1.0,3
1650,1,57.0,0,1,0.0,2
1651,0,69.0,1,1,1.0,3
1652,0,39.0,1,2,0.0,2
1653,1,58.0,0,4,1.0,2
1654,0,32.0,0,1,0.6521001272804412,2
1655,1,46.0,0,2,1.0,2
1656,0,55.0,0,1,0.0,2
1657,1,51.0,1,1,1.0,2
1658,0,50.0,1,2,1.0,2
1659,0,47.0,0,3,0.0,2
1660,0,65.0,0,1,0.0,3
1661,1,56.0,1,3,1.0,2
1662,1,76.0,0,4,0.0,3
1663,1,46.0,1,2,0.6521001272804412,2
1664,0,37.0,0,2,0.6521001272804412,2
1665,0,18.0,0,1,1.0,2
1666,0,68.0,1,1,1.0,3
1667,1,72.0,1,2,1.0,3
1668,1,28.0,0,3,0.6521001272804412,2
1669,0,72.0,1,1,0.0,3
1670,1,78.0,1,3,0.0,3
1671,1,42.0,1,1,1.0,2
1672,1,22.0,1,1,0.0,2
1673,0,46.63765182186235,1,1,0.0,2
1674,0,70.0,0,2,1.0,3
1675,0,54.0,0,2,1.0,2
1676,1,42.0,0,3,1.0,2
1677,0,43.0,0,1,0.6521001272804412,2
1678,0,48.0,0,1,0.0,2
1679,0,31.0,0,3,1.0,2
1680,0,20.0,1,2,1.0,2
1681,1,63.0,1,3,1.0,3
1682,1,24.0,0,1,1.0,2
1683,0,36.0,0,3,0.0,2
1684,0,73.0,1,2,0.0,3
1685,0,44.0,0,3,0.0,2
1686,0,48.0,1,4,0.0,2
1687,1,42.0,0,4,0.6521001272804412,2
1688,0,64.0,0,2,0.0,3
1689,0,26.0,0,1,0.0,2
1690,0,24.0,0,1,1.0,2
1691,0,47.0,1,1,0.0,2
1692,1,41.0,1,2,1.0,2
1693,1,35.0,1,3,1.0,2
1694,1,75.0,1,1,1.0,3
1695,0,58.0,0,1,0.0,2
1696,0,27.0,1,1,0.0,2
1697,0,30.0,1,2,1.0,2
1698,0,53.0,1,2,1.0,2
1699,1,27.0,0,1,1.0,2
1700,0,53.0,1,1,1.0,2
1701,1,29.0,1,2,1.0,2
1702,0,37.0,1,4,0.6521001272804412,2
1703,1,15.0,0,2,1.0,1
1704,1,44.0,0,1,0.0,2
1705,0,53.0,0,1,1.0,2
1706,1,46.0,1,1,1.0,2
1707,0,76.0,0,3,1.0,3
1708,0,70.0,0,3,1.0,3
1709,0,37.0,0,3,0.0,2
1710,1,27.0,0,3,0.0,2
1711,0,46.0,0,1,1.0,2
1712,0,65.0,0,3,0.0,3
1713,0,39.0,0,4,1.0,2
1714,1,72.0,1,2,1.0,3
1715,1,42.0,1,4,1.0,2
1716,0,25.0,0,1,0.0,2
1717,1,41.0,0,3,1.0,2
1718,0,57.0,0,1,1.0,2
1719,0,22.0,1,1,1.0,2
1720,1,40.0,1,1,1.0,2
1721,0,49.0,0,1,1.0,2
1722,1,44.0,0,4,0.0,2
1723,1,18.0,1,2,1.0,2
1724,0,51.0,0,1,1.0,2
1725,1,34.0,1,1,0.0,2
1726,1,35.0,0,4,1.0,2
1727,0,54.0,0,4,0.0,2
1728,1,20.0,0,1,1.0,2
1729,1,28.0,0,2,1.0,2
1730,0,57.0,0,1,1.0,2
1731,1,47.0,0,2,1.0,2
1732,1,35.0,0,1,1.0,2
1733,1,24.0,0,3,0.0,2
1734,1,55.0,0,2,0.6521001272804412,2
1735,0,21.0,0,3,1.0,2
1736,0,49.0,1,3,0.0,2
1737,1,61.0,0,2,0.0,3
1738,1,46.0,0,2,0.0,2
1739,1,54.0,0,1,1.0,2
1740,0,28.0,0,2,1.0,2
1741,1,49.0,0,3,1.0,2
1742,1,54.0,0,1,0.6521001272804412,2
1743,0,29.0,0,2,1.0,2
1744,0,15.0,0,3,1.0,1
1745,1,71.0,0,2,0.0,3
1746,0,22.0,0,2,1.0,2
1747,0,26.0,0,3,0.0,2
1748,1,78.0,0,1,0.0,3
1749,0,22.0,0,3,1.0,2
1750,1,48.0,0,4,1.0,2
1751,0,37.0,1,2,1.0,2
1752,0,40.0,0,2,1.0,2
1753,0,42.0,0,2,0.0,2
1754,0,50.0,0,3,0.0,2
1755,1,18.0,0,3,0.0,2
1756,1,16.0,1,1,1.0,1
1757,0,71.0,1,2,0.0,3
1758,1,30.0,1,2,1.0,2
1759,1,78.0,1,1,1.0,3
1760,1,27.0,0,2,1.0,2
1761,0,67.0,1,3,1.0,3
1762,1,45.0,0,1,1.0,2
1763,0,72.0,0,2,1.0,3
1764,1,77.0,1,2,0.6521001272804412,3
1765,0,74.0,0,1,1.0,3
1766,1,61.0,1,2,1.0,3
1767,0,35.0,0,1,1.0,2
1768,1,54.0,1,1,0.6521001272804412,2
1769,1,30.0,1,3,0.6521001272804412,2
1770,0,35.0,1,1,1.0,2
1771,0,26.0,1,1,1.0,2
1772,0,46.0,0,1,1.0,2
1773,0,65.0,0,2,1.0,3
1774,1,45.0,1,1,1.0,2
1775,1,34.0,1,2,0.0,2
1776,1,53.0,0,1,1.0,2
1777,1,32.0,1,1,0.0,2
1778,1,41.0,1,3,1.0,2
1779,1,27.0,0,2,0.0,2
1780,0,35.0,1,2,1.0,2
1781,1,51.0,0,2,1.0,2
1782,0,34.0,1,2,0.0,2
1783,1,30.0,1,3,0.0,2
1784,1,21.0,1,3,1.0,2
1785,1,77.0,0,2,0.0,3
1786,1,31.0,0,1,1.0,2
1787,0,18.0,1,1,0.0,2
1788,1,30.0,0,3,1.0,2
1789,0,36.0,0,1,1.0,2
1790,1,54.0,0,2,1.0,2
1791,0,38.0,0,3,0.0,2
1792,0,67.0,0,2,1.0,3
1793,1,44.0,0,3,1.0,2
1794,0,52.0,0,1,1.0,2
1795,1,55.0,0,2,1.0,2
1796,0,39.0,0,1,0.6521001272804412,2
1797,1,37.0,1,2,0.0,2
1798,1,75.0,1,2,1.0,3
1799,1,46.0,0,1,1.0,2
1800,1,42.0,0,2,0.6521001272804412,2
1801,1,75.0,0,3,0.6521001272804412,3
1802,1,56.0,0,1,1.0,2
1803,1,18.0,0,4,1.0,2
1804,1,55.0,1,1,1.0,2
1805,0,29.0,1,2,1.0,2
1806,1,66.0,1,1,0.0,3
1807,0,31.0,1,1,1.0,2
1808,1,17.0,1,1,1.0,1
1809,0,68.0,0,2,0.0,3
1810,1,75.0,1,1,0.0,3
1811,1,71.0,0,4,0.0,3
1812,0,53.0,0,1,0.0,2
1813,0,53.0,0,3,1.0,2
1814,0,54.0,0,1,0.0,2
1815,0,71.0,1,1,1.0,3
1816,1,25.0,0,1,1.0,2
1817,1,30.0,1,4,1.0,2
1818,0,77.0,0,1,0.0,3
1819,1,35.0,0,2,0.0,2
1820,1,52.0,1,1,1.0,2
1821,0,65.0,1,1,1.0,3
1822,0,56.0,0,2,0.0,2
1823,1,22.0,0,1,0.0,2
1824,1,43.0,1,3,0.6521001272804412,2
1825,0,60.0,0,2,0.0,3
1826,0,59.0,1,3,0.0,2
1827,0,16.0,0,2,0.0,1
1828,0,76.0,0,3,0.0,3
1829,1,53.0,1,1,1.0,2
1830,1,24.0,0,1,1.0,2
1831,1,76.0,0,1,1.0,3
1832,0,77.0,0,2,1.0,3
1833,1,46.63765182186235,1,3,0.0,2
1834,0,21.0,0,4,1.0,2
1835,0,52.0,0,2,1.0,2
1836,1,29.0,1,2,0.0,2
1837,0,40.0,0,1,0.0,2
1838,0,36.0,0,4,1.0,2
1839,0,35.0,1,3,1.0,2
1840,0,63.0,0,1,1.0,3
1841,0,34.0,0,2,1.0,2
1842,1,68.0,0,2,1.0,3
1843,0,73.0,1,3,1.0,3
1844,0,24.0,0,4,1.0,2
1845,0,77.0,0,1,1.0,3
1846,0,57.0,0,2,0.0,2
1847,0,58.0,0,3,0.0,2
1848,1,40.0,1,2,1.0,2
1849,0,73.0,0,1,0.0,3
1850,0,75.0,0,1,1.0,3
1851,0,44.0,1,2,1.0,2
1852,1,38.0,0,2,1.0,2
1853,1,18.0,0,1,0.0,2
1854,1,31.0,0,1,1.0,2
1855,0,54.0,1,1,0.0,2
1856,0,18.0,0,2,0.6521001272804412,2
1857,0,24.0,0,1,0.0,2
1858,1,66.0,0,1,1.0,3
1859,0,77.0,1,1,0.0,3
1860,0,69.0,0,1,0.0,3
1861,0,42.0,1,2,1.0,2
1862,1,20.0,0,4,1.0,2
1863,0,75.0,1,1,0.0,3
1864,1,20.0,1,3,1.0,2
1865,0,36.0,1,3,1.0,2
1866,1,28.0,1,4,0.6521001272804412,2
1867,1,24.0,0,4,1.0,2
1868,0,18.0,0,4,1.0,2
1869,0,63.0,1,2,1.0,3
1870,1,59.0,1,4,0.6521001272804412,2
1871,0,78.0,1,2,0.0,3
1872,1,21.0,0,4,0.0,2
1873,1,32.0,1,1,1.0,2
1874,1,47.0,0,1,0.0,2
1875,1,34.0,0,3,1.0,2
1876,0,26.0,0,2,0.0,2
1877,1,43.0,1,2,1.0,2
1878,1,34.0,1,2,0.6521001272804412,2
1879,1,17.0,1,1,0.0,1
1880,0,30.0,0,1,1.0,2
1881,0,40.0,0,2,0.0,2
1882,1,38.0,1,4,0.0,2
1883,0,21.0,0,4,1.0,2
1884,1,31.0,0,1,1.0,2
1885,1,35.0,1,1,0.0,2
1886,0,71.0,0,2,1.0,3
1887,1,61.0,1,2,1.0,3
1888,0,49.0,0,1,1.0,2
1889,1,16.0,0,3,1.0,1
1890,1,20.0,0,3,0.0,2
1891,1,48.0,0,4,0.0,2
1892,0,27.0,1,1,0.0,2
1893,0,46.63765182186235,0,1,1.0,2
1894,1,40.0,0,4,1.0,2
1895,0,62.0,1,2,1.0,3
1896,1,16.0,1,2,1.0,1
1897,1,49.0,0,2,1.0,2
1898,1,40.0,0,2,0.0,2
1899,0,42.0,1,2,1.0,2
1900,0,51.0,1,2,1.0,2
1901,0,44.0,1,4,1.0,2
1902,0,43.0,1,3,0.6521001272804412,2
1903,1,16.0,0,1,1.0,1
1904,1,54.0,0,2,1.0,2
1905,0,78.0,1,1,0.0,3
1906,0,48.0,0,2,1.0,2
1907,1,49.0,1,1,1.0,2
1908,1,30.0,1,2,0.0,2
1909,0,66.0,1,2,1.0,3
1910,0,60.0,1,1,0.6521001272804412,3
1911,1,32.0,1,1,1.0,2
1912,0,30.0,0,3,1.0,2
1913,1,55.0,0,2,1.0,2
1914,0,47.0,0,2,1.0,2
1915,0,35.0,1,2,0.0,2
1916,1,37.0,1,1,1.0,2
1917,1,27.0,1,2,1.0,2
1918,0,30.0,0,2,1.0,2
1919,1,46.63765182186235,0,2,0.0,2
1920,0,75.0,1,1,0.0,3
1921,0,27.0,0,1,1.0,2
1922,0,76.0,1,2,0.0,3
1923,0,68.0,0,1,1.0,3
1924,0,46.63765182186235,0,2,0.0,2
1925,1,68.0,1,1,1.0,3
1926,1,72.0,1,2,1.0,3
1927,1,74.0,0,1,0.0,3
1928,1,66.0,0,1,0.0,3
1929,1,52.0,0,3,1.0,2
1930,1,16.0,0,4,0.0,1
1931,1,26.0,1,2,0.0,2
1932,1,65.0,0,1,0.0,3
1933,1,32.0,1,2,1.0,2
1934,1,39.0,1,1,0.0,2
1935,1,33.0,0,3,1.0,2
1936,0,21.0,0,1,1.0,2
1937,0,63.0,0,3,1.0,3
1938,1,70.0,0,2,1.0,3
1939,1,25.0,1,1,1.0,2
1940,1,47.0,0,2,1.0,2
1941,1,43.0,1,2,1.0,2
1942,0,59.0,0,1,0.0,2
1943,0,43.0,1,3,0.0,2
1944,0,71.0,0,3,1.0,3
1945,0,27.0,1,1,1.0,2
1946,0,71.0,0,1,1.0,3
1947,1,30.0,0,3,1.0,2
1948,1,72.0,0,1,0.0,3
1949,1,21.0,1,3,1.0,2
1950,0,29.0,0,4,1.0,2
1951,0,47.0,0,2,1.0,2
1952,1,44.0,0,3,1.0,2
1953,0,42.0,1,3,1.0,2
1954,0,43.0,1,1,0.0,2
1955,1,56.0,0,3,1.0,2
1956,1,72.0,1,1,1.0,3
1957,0,75.0,0,2,1.0,3
1958,0,56.0,0,3,0.0,2
1959,0,16.0,1,3,0.0,1
1960,1,34.0,0,2,1.0,2
1961,0,27.0,0,1,0.0,2
1962,1,67.0,0,1,0.0,3
1963,0,59.0,1,3,1.0,2
1964,1,49.0,0,3,0.0,2
1965,1,19.0,1,3,1.0,2
1966,0,26.0,0,3,1.0,2
1967,1,75.0,0,1,1.0,3
1968,1,19.0,0,2,0.6521001272804412,2
1969,1,26.0,1,2,0.0,2
1970,0,68.0,1,1,1.0,3
1971,0,66.0,1,1,1.0,3
1972,1,53.0,1,2,1.0,2
1973,1,73.0,0,1,0.0,3
1974,0,41.0,0,3,0.0,2
1975,0,63.0,1,4,1.0,3
1976,0,53.0,1,4,0.0,2
1977,0,63.0,1,3,1.0,3
1978,0,49.0,1,2,0.0,2
1979,1,54.0,0,2,0.0,2
1980,0,30.0,0,3,0.0,2
1981,1,73.0,1,2,1.0,3
1982,1,57.0,1,2,1.0,2
1983,0,19.0,1,2,1.0,2
1984,0,43.0,1,1,0.0,2
1985,0,43.0,0,1,1.0,2
1986,1,75.0,1,1,0.0,3
1987,0,19.0,0,1,1.0,2
1988,0,34.0,1,2,1.0,2
1989,1,44.0,1,2,1.0,2
1990,0,47.0,1,3,0.0,2
1991,0,24.0,0,4,0.0,2
1992,1,42.0,0,3,1.0,2
1993,0,66.0,0,4,1.0,3
1994,0,22.0,0,1,1.0,2
1995,0,46.0,0,1,1.0,2
1996,1,54.0,0,1,1.0,2
1997,0,50.0,0,2,1.0,2
1998,1,55.0,1,1,1.0,2
1999,0,21.0,0,1,0.6521001272804412,2
2000,0,46.63765182186235,0,3,0.0,2
2001,0,46.63765182186235,0,1,0.0,2
2002,0,55.0,1,1,0.0,2
2003,0,46.63765182186235,0,1,0.0,2
2004,0,60.0,0,4,0.0,3
2005,0,41.0,0,1,1.0,2
2006,0,57.0,1,2,1.0,2
2007,0,17.0,0,1,1.0,1
2008,1,60.0,1,1,1.0,3
2009,1,30.0,1,3,1.0,2
2010,0,67.0,1,2,1.0,3
2011,0,38.0,0,4,0.0,2
2012,1,15.0,1,2,1.0,1
2013,0,60.0,1,3,1.0,3
2014,1,41.0,1,3,1.0,2
2015,1,36.0,1,2,1.0,2
2016,0,35.0,0,1,1.0,2
2017,0,31.0,0,4,0.0,2
2018,0,20.0,0,1,0.0,2
2019,1,65.0,0,1,1.0,3
2020,0,43.0,0,1,1.0,2
2021,1,67.0,0,4,1.0,3
2022,1,28.0,0,1,0.6521001272804412,2
2023,0,47.0,0,3,1.0,2
2024,0,54.0,1,1,1.0,2
2025,1,64.0,0,3,0.6521001272804412,3
2026,0,57.0,1,1,1.0,2
2027,0,25.0,0,1,1.0,2
2028,0,37.0,1,1,1.0,2
2029,1,19.0,1,1,1.0,2
2030,1,67.0,0,4,0.0,3
2031,0,68.0,1,1,1.0,3
2032,0,51.0,0,1,0.0,2
2033,1,53.0,0,1,0.0,2
2034,0,26.0,0,1,0.6521001272804412,2
2035,0,18.0,1,1,1.0,2
2036,1,42.0,0,3,1.0,2
2037,0,48.0,0,1,1.0,2
2038,0,20.0,0,1,1.0,2
2039,0,26.0,0,4,0.0,2
2040,0,63.0,1,1,1.0,3
2041,0,49.0,0,1,0.6521001272804412,2
2042,0,47.0,1,1,0.0,2
2043,1,32.0,0,1,0.0,2
2044,1,27.0,1,1,1.0,2
2045,1,46.63765182186235,0,1,0.0,2
2046,0,26.0,0,2,0.0,2
2047,0,20.0,1,2,0.0,2
2048,1,45.0,1,1,1.0,2
2049,1,52.0,0,3,0.0,2
2050,0,25.0,0,2,1.0,2
2051,1,15.0,0,1,1.0,1
2052,0,22.0,1,2,0.0,2
2053,0,17.0,0,1,0.0,1
2054,1,16.0,0,2,1.0,1
2055,1,20.0,1,3,1.0,2
2056,1,39.0,1,4,0.0,2
2057,1,46.63765182186235,0,2,1.0,2
2058,1,31.0,1,3,1.0,2
2059,1,17.0,0,3,0.0,1
2060,1,24.0,1,3,0.0,2
2061,0,77.0,1,1,0.0,3
2062,1,25.0,1,1,0.0,2
2063,0,58.0,0,2,1.0,2
2064,1,47.0,0,1,1.0,2
2065,1,62.0,0,3,0.0,3
2066,0,59.0,0,1,1.0,2
2067,0,30.0,1,3,1.0,2
2068,0,70.0,1,2,0.6521001272804412,3
2069,1,22.0,1,3,1.0,2
2070,1,27.0,0,1,1.0,2
2071,1,56.0,0,3,1.0,2
2072,1,53.0,1,2,1.0,2
2073,1,76.0,0,4,1.0,3
2074,1,46.0,1,1,1.0,2
2075,1,61.0,0,2,0.0,3
2076,0,72.0,1,1,1.0,3
2077,1,74.0,0,3,0.0,3
2078,1,44.0,0,3,1.0,2
2079,0,36.0,0,1,0.6521001272804412,2
2080,0,39.0,0,2,1.0,2
2081,0,64.0,1,1,1.0,3
2082,0,56.0,1,3,0.0,2
2083,0,61.0,1,1,0.0,3
2084,0,65.0,1,2,1.0,3
2085,0,69.0,1,2,0.0,3
2086,0,33.0,0,4,0.0,2
2087,1,18.0,0,1,1.0,2
2088,1,48.0,1,4,1.0,2
2089,0,35.0,0,2,0.0,2
2090,1,55.0,0,1,1.0,2
2091,1,65.0,1,1,1.0,3
2092,1,26.0,0,2,1.0,2
2093,0,33.0,1,3,0.0,2
2094,1,28.0,1,1,1.0,2
2095,0,68.0,1,3,1.0,3
2096,1,38.0,0,2,0.0,2
2097,0,78.0,0,1,0.0,3
2098,0,78.0,0,1,1.0,3
2099,1,25.0,1,1,1.0,2
2100,0,38.0,0,1,1.0,2
2101,0,31.0,1,2,0.0,2
2102,1,33.0,0,1,0.0,2
2103,1,39.0,0,1,0.0,2
2104,0,49.0,0,1,0.0,2
2105,0,65.0,1,1,1.0,3
2106,1,31.0,0,1,1.0,2
2107,1,18.0,0,3,1.0,2
2108,0,46.63765182186235,0,3,1.0,2
2109,1,16.0,0,3,1.0,1
2110,0,35.0,0,2,1.0,2
2111,1,40.0,1,2,1.0,2
2112,0,22.0,1,2,1.0,2
2113,1,76.0,0,1,1.0,3
2114,1,24.0,1,2,0.0,2
2115,0,61.0,1,4,1.0,3
2116,1,34.0,1,4,1.0,2
2117,1,71.0,1,2,1.0,3
2118,0,54.0,0,2,1.0,2
2119,0,50.0,1,2,1.0,2
2120,0,70.0,1,4,0.0,3
2121,0,17.0,1,1,0.0,1
2122,1,77.0,0,2,1.0,3
2123,1,46.63765182186235,0,2,1.0,2
2124,0,59.0,1,1,1.0,2
2125,1,52.0,1,4,1.0,2
2126,1,72.0,0,3,1.0,3
2127,1,19.0,0,2,1.0,2
2128,0,24.0,0,1,1.0,2
2129,1,63.0,1,1,1.0,3
2130,1,46.63765182186235,1,2,0.0,2
2131,0,70.0,1,1,0.0,3
2132,0,51.0,0,2,1.0,2
2133,1,78.0,1,1,1.0,3
2134,1,55.0,1,1,1.0,2
2135,1,54.0,0,3,0.0,2
2136,1,48.0,0,2,0.0,2
2137,0,51.0,0,2,1.0,2
2138,0,53.0,0,1,1.0,2
2139,1,73.0,0,2,1.0,3
2140,0,15.0,1,3,0.0,1
2141,0,64.0,0,3,1.0,3
2142,0,65.0,0,2,1.0,3
2143,1,39.0,1,2,1.0,2
2144,1,67.0,1,2,1.0,3
2145,0,31.0,0,1,1.0,2
2146,0,60.0,0,2,1.0,3
2147,0,27.0,1,1,0.0,2
2148,1,69.0,1,4,0.0,3
2149,0,29.0,1,2,0.6521001272804412,2
2150,0,56.0,1,1,1.0,2
2151,1,22.0,0,2,0.0,2
2152,0,72.0,0,4,1.0,3
2153,0,22.0,1,2,1.0,2
2154,1,72.0,0,1,0.0,3
2155,0,71.0,0,2,1.0,3
2156,0,54.0,1,3,1.0,2
2157,0,72.0,0,3,1.0,3
2158,0,27.0,1,3,1.0,2
2159,0,58.0,1,1,1.0,2
2160,1,70.0,0,1,1.0,3
2161,0,17.0,0,1,1.0,1
2162,0,33.0,1,1,1.0,2
2163,1,25.0,0,2,1.0,2
2164,1,57.0,1,2,1.0,2
2165,1,15.0,0,1,1.0,1
2166,0,44.0,0,2,0.0,2
2167,0,77.0,1,1,0.0,3
2168,1,52.0,0,1,1.0,2
2169,1,30.0,1,1,0.0,2
2170,0,40.0,0,3,1.0,2
2171,0,61.0,0,2,0.6521001272804412,3
2172,0,46.63765182186235,1,1,0.0,2
2173,1,70.0,0,1,1.0,3
2174,0,67.0,0,1,0.0,3
2175,0,69.0,0,4,0.0,3
2176,1,21.0,0,3,1.0,2
2177,0,75.0,0,2,1.0,3
2178,1,40.0,1,2,1.0,2
2179,0,32.0,0,1,0.0,2
2180,0,65.0,0,2,0.6521001272804412,3
2181,0,60.0,0,1,1.0,3
2182,1,31.0,0,1,1.0,2
2183,0,15.0,0,3,1.0,1
2184,0,60.0,1,1,1.0,3
2185,1,37.0,0,1,1.0,2
2186,0,59.0,0,3,0.0,2
2187,1,44.0,0,2,0.6521001272804412,2
2188,0,66.0,0,1,0.0,3
2189,0,74.0,0,3,0.6521001272804412,3
2190,1,24.0,0,1,1.0,2
2191,0,50.0,0,2,1.0,2
2192,0,77.0,0,4,1.0,3
2193,0,32.0,0,1,1.0,2
2194,1,51.0,0,1,0.6521001272804412,2
2195,1,55.0,0,1,0.0,2
2196,0,47.0,0,1,0.6521001272804412,2
2197,1,55.0,0,2,1.0,2
2198,0,31.0,0,2,1.0,2
2199,0,25.0,0,1,0.0,2
2200,1,29.0,0,1,1.0,2
2201,0,34.0,1,1,1.0,2
2202,0,37.0,0,1,1.0,2
2203,1,16.0,1,3,1.0,1
2204,0,16.0,1,2,0.0,1
2205,1,65.0,0,2,0.0,3
2206,0,59.0,1,2,1.0,2
2207,0,59.0,0,1,1.0,2
2208,1,64.0,1,3,1.0,3
2209,0,74.0,1,1,1.0,3
2210,0,73.0,0,2,1.0,3
2211,0,40.0,0,2,1.0,2
2212,1,63.0,1,4,1.0,3
2213,0,77.0,1,3,1.0,3
2214,1,73.0,1,2,0.0,3
2215,1,28.0,1,4,1.0,2
2216,0,30.0,1,3,1.0,2
2217,0,16.0,1,2,0.0,1
2218,0,29.0,0,2,1.0,2
2219,1,62.0,0,1,1.0,3
2220,0,59.0,1,1,1.0,2
2221,1,76.0,1,4,0.0,3
2222,1,62.0,0,1,1.0,3
2223,0,66.0,1,3,1.0,3
2224,1,78.0,0,2,1.0,3
2225,1,71.0,1,2,1.0,3
2226,0,57.0,1,3,1.0,2
2227,0,55.0,1,2,0.0,2
2228,1,45.0,0,4,1.0,2
2229,1,26.0,1,1,1.0,2
2230,1,38.0,1,2,1.0,2
2231,0,78.0,0,3,1.0,3
2232,1,54.0,0,1,1.0,2
2233,1,17.0,0,4,1.0,1
2234,0,77.0,1,2,1.0,3
2235,0,16.0,1,4,0.0,1
2236,1,33.0,0,1,0.0,2
2237,1,26.0,0,3,1.0,2
2238,1,58.0,0,2,1.0,2
2239,1,31.0,0,1,1.0,2
2240,1,37.0,0,1,0.0,2
2241,0,45.0,1,2,0.0,2
2242,1,58.0,1,3,1.0,2
2243,1,32.0,0,2,0.0,2
2244,0,55.0,1,2,1.0,2
2245,1,47.0,0,2,0.0,2
2246,0,41.0,0,2,1.0,2
2247,1,52.0,0,1,1.0,2
2248,0,49.0,0,3,0.0,2
2249,0,48.0,0,3,0.0,2
2250,1,75.0,0,2,0.0,3
2251,1,40.0,1,1,1.0,2
2252,0,57.0,0,2,1.0,2
2253,0,33.0,0,1,1.0,2
2254,0,17.0,0,1,1.0,1
2255,1,67.0,0,3,0.0,3
2256,0,24.0,1,3,1.0,2
2257,1,74.0,1,1,1.0,3
2258,0,66.0,1,4,1.0,3
2259,1,16.0,0,1,1.0,1
2260,1,62.0,1,2,1.0,3
2261,1,45.0,0,2,1.0,2
2262,0,47.0,1,2,0.0,2
2263,1,16.0,1,2,1.0,1
2264,1,76.0,0,1,1.0,3
2265,1,48.0,0,1,1.0,2
2266,1,64.0,0,2,1.0,3
2267,1,67.0,0,2,1.0,3
2268,1,17.0,1,1,0.0,1
2269,1,25.0,0,3,1.0,2
2270,1,76.0,0,2,0.6521001272804412,3
2271,1,77.0,1,2,1.0,3
2272,0,40.0,1,1,1.0,2
2273,1,30.0,0,1,0.0,2
2274,1,39.0,0,1,1.0,2
2275,1,70.0,0,1,1.0,3
2276,0,66.0,0,1,1.0,3
2277,1,76.0,0,3,0.0,3
2278,1,25.0,0,1,1.0,2
2279,0,78.0,1,1,1.0,3
2280,0,60.0,0,3,0.0,3
2281,0,34.0,0,3,0.0,2
2282,0,15.0,1,3,1.0,1
2283,1,60.0,0,3,1.0,3
2284,1,25.0,0,1,1.0,2
2285,0,28.0,1,1,1.0,2
2286,1,41.0,0,3,1.0,2
2287,1,34.0,0,4,0.6521001272804412,2
2288,1,40.0,1,2,1.0,2
2289,1,15.0,0,1,1.0,1
2290,1,58.0,0,1,1.0,2
2291,0,45.0,1,2,1.0,2
2292,1,49.0,1,1,1.0,2
2293,0,36.0,1,2,1.0,2
2294,0,26.0,0,3,1.0,2
2295,1,31.0,0,2,1.0,2
2296,0,18.0,1,2,1.0,2
2297,0,46.0,0,2,0.0,2
2298,0,27.0,0,1,1.0,2
2299,0,74.0,0,1,1.0,3
2300,0,68.0,0,1,0.0,3
2301,0,62.0,0,3,0.0,3
2302,0,74.0,1,3,0.0,3
2303,1,55.0,1,2,0.0,2
2304,0,68.0,0,2,1.0,3
2305,0,33.0,1,4,0.0,2
2306,0,78.0,0,4,1.0,3
2307,1,50.0,1,4,0.0,2
2308,0,53.0,1,4,1.0,2
2309,1,73.0,0,2,1.0,3
2310,0,28.0,1,1,1.0,2
2311,0,54.0,1,4,1.0,2
2312,1,25.0,1,2,1.0,2
2313,0,22.0,1,2,1.0,2
2314,0,78.0,1,2,0.0,3
2315,0,54.0,0,1,0.6521001272804412,2
2316,1,45.0,0,2,1.0,2
2317,0,18.0,1,2,0.0,2
2318,1,15.0,0,3,0.0,1
2319,0,48.0,1,1,1.0,2
2320,1,27.0,0,3,0.0,2
2321,1,31.0,0,3,0.0,2
2322,0,76.0,0,3,1.0,3
2323,0,24.0,0,4,1.0,2
2324,0,61.0,0,2,1.0,3
2325,1,63.0,1,3,1.0,3
2326,0,75.0,0,2,1.0,3
2327,0,64.0,1,3,1.0,3
2328,1,49.0,0,1,0.0,2
2329,1,36.0,0,4,0.0,2
2330,0,73.0,1,3,0.0,3
2331,1,24.0,1,1,1.0,2
2332,0,56.0,0,2,1.0,2
2333,0,45.0,1,2,1.0,2
2334,1,68.0,0,2,0.0,3
2335,0,58.0,1,3,1.0,2
2336,0,46.63765182186235,0,2,0.0,2
2337,0,38.0,0,1,1.0,2
2338,1,35.0,1,1,0.0,2
2339,0,42.0,1,3,0.0,2
2340,0,46.0,0,2,1.0,2
2341,0,39.0,1,2,0.0,2
2342,0,65.0,1,3,0.0,3
2343,0,68.0,1,3,0.0,3
2344,0,25.0,0,2,1.0,2
2345,1,21.0,1,1,1.0,2
2346,1,62.0,0,2,1.0,3
2347,1,18.0,1,1,1.0,2
2348,0,27.0,0,2,1.0,2
2349,1,53.0,1,1,0.0,2
2350,0,44.0,1,3,1.0,2
2351,0,25.0,1,3,1.0,2
2352,0,42.0,1,2,1.0,2
2353,0,52.0,0,3,1.0,2
2354,0,28.0,1,1,1.0,2
2355,0,21.0,0,3,0.0,2
2356,1,37.0,0,4,1.0,2
2357,0,52.0,0,1,1.0,2
2358,0,61.0,0,1,0.6521001272804412,3
2359,1,51.0,0,3,1.0,2
2360,1,15.0,1,1,0.0,1
2361,1,54.0,0,3,1.0,2
2362,0,50.0,0,3,1.0,2
2363,0,41.0,0,3,1.0,2
2364,0,33.0,0,1,1.0,2
2365,0,78.0,0,1,1.0,3
2366,0,17.0,0,1,0.0,1
2367,1,39.0,1,3,0.0,2
2368,0,40.0,0,1,0.0,2
2369,0,20.0,0,3,0.0,2
2370,0,43.0,0,3,1.0,2
2371,0,34.0,1,4,1.0,2
2372,1,20.0,0,2,1.0,2
2373,0,45.0,1,3,1.0,2
2374,1,54.0,1,1,1.0,2
2375,0,27.0,0,3,1.0,2
2376,0,39.0,0,2,0.0,2
2377,0,44.0,0,1,0.0,2
2378,1,41.0,0,1,1.0,2
2379,0,34.0,1,1,0.0,2
2380,0,78.0,1,3,1.0,3
2381,1,33.0,1,1,0.0,2
2382,0,20.0,0,1,1.0,2
2383,0,60.0,0,3,1.0,3
2384,1,51.0,0,3,1.0,2
2385,0,59.0,0,3,1.0,2
2386,1,40.0,0,2,1.0,2
2387,0,38.0,1,4,1.0,2
2388,0,46.63765182186235,0,3,0.0,2
2389,0,16.0,0,1,0.0,1
2390,0,22.0,0,2,1.0,2
2391,0,33.0,0,1,1.0,2
2392,1,46.0,1,2,1.0,2
2393,0,54.0,0,2,0.0,2
2394,0,74.0,1,3,1.0,3
2395,0,43.0,1,3,1.0,2
2396,0,64.0,0,2,1.0,3
2397,0,54.0,1,1,1.0,2
2398,1,35.0,1,3,1.0,2
2399,0,31.0,0,1,0.6521001272804412,2
2400,1,43.0,0,1,1.0,2
2401,0,60.0,1,1,1.0,3
2402,0,21.0,0,2,1.0,2
2403,0,15.0,0,1,0.0,1
2404,0,39.0,1,1,1.0,2
2405,0,39.0,0,1,1.0,2
2406,0,30.0,0,2,1.0,2
2407,1,78.0,0,2,1.0,3
2408,0,50.0,0,1,1.0,2
2409,1,62.0,0,1,1.0,3
2410,0,44.0,0,2,1.0,2
2411,0,51.0,1,2,1.0,2
2412,1,73.0,0,1,1.0,3
2413,0,46.63765182186235,1,2,0.0,2
2414,0,53.0,1,2,1.0,2
2415,1,40.0,0,2,0.0,2
2416,0,46.0,0,1,0.0,2
2417,0,47.0,0,2,0.6521001272804412,2
2418,1,36.0,0,2,1.0,2
2419,1,50.0,0,4,1.0,2
2420,0,37.0,1,1,0.0,2
2421,1,15.0,0,1,1.0,1
2422,0,62.0,1,2,0.0,3
2423,0,27.0,1,2,1.0,2
2424,0,66.0,0,1,0.0,3
2425,0,73.0,0,1,1.0,3
2426,0,75.0,0,2,1.0,3
2427,1,49.0,1,1,1.0,2
2428,0,71.0,1,3,0.0,3
2429,0,40.0,0,4,1.0,2
2430,1,43.0,0,2,1.0,2
2431,1,67.0,1,2,1.0,3
2432,1,62.0,0,2,0.0,3
2433,1,53.0,1,2,1.0,2
2434,0,57.0,1,2,1.0,2
2435,0,41.0,1,2,1.0,2
2436,0,18.0,1,1,1.0,2
2437,0,42.0,1,2,0.0,2
2438,1,20.0,0,3,0.0,2
2439,0,73.0,0,2,0.0,3
2440,0,18.0,0,3,1.0,2
2441,1,18.0,1,1,0.0,2
2442,0,66.0,1,2,1.0,3
2443,1,60.0,0,1,1.0,3
2444,0,50.0,0,3,1.0,2
2445,0,72.0,0,3,1.0,3
2446,0,24.0,0,2,0.0,2
2447,1,73.0,0,1,1.0,3
2448,1,57.0,0,2,1.0,2
2449,0,46.63765182186235,0,3,0.0,2
2450,0,66.0,0,2,0.0,3
2451,1,51.0,0,2,0.0,2
2452,1,51.0,0,1,0.0,2
2453,1,52.0,1,2,1.0,2
2454,0,57.0,0,2,1.0,2
2455,1,71.0,1,2,1.0,3
2456,0,30.0,0,1,0.0,2
2457,0,70.0,0,1,0.0,3
2458,0,33.0,0,1,1.0,2
2459,0,24.0,1,1,1.0,2
2460,1,59.0,0,2,1.0,2
2461,1,15.0,1,2,1.0,1
2462,1,25.0,0,2,0.0,2
2463,0,58.0,1,1,1.0,2
2464,0,34.0,0,1,0.0,2
2465,1,25.0,0,1,1.0,2
2466,0,76.0,0,1,1.0,3
2467,1,43.0,1,3,1.0,2
2468,0,73.0,0,1,1.0,3
2469,0,25.0,0,2,1.0,2
2470,0,28.0,0,2,1.0,2
2471,1,71.0,1,1,1.0,3
2472,0,16.0,1,3,0.6521001272804412,1
2473,0,39.0,0,1,1.0,2
2474,1,15.0,0,1,1.0,1
2475,0,25.0,0,3,1.0,2
2476,1,67.0,1,3,1.0,3
2477,0,52.0,0,1,0.0,2
2478,1,32.0,0,2,1.0,2
2479,1,72.0,0,2,1.0,3
2480,1,61.0,1,1,0.0,3
2481,0,75.0,0,1,0.0,3
2482,0,77.0,0,2,1.0,3
2483,1,73.0,1,2,1.0,3
2484,1,65.0,1,1,1.0,3
2485,0,70.0,0,4,0.0,3
2486,0,68.0,0,2,0.0,3
2487,1,77.0,0,2,0.0,3
2488,1,73.0,1,1,1.0,3
2489,0,77.0,0,2,0.6521001272804412,3
2490,0,50.0,0,3,1.0,2
2491,1,75.0,0,2,1.0,3
2492,0,33.0,0,1,1.0,2
2493,1,32.0,0,3,1.0,2
2494,1,56.0,0,2,1.0,2
2495,0,20.0,0,1,0.0,2
2496,0,33.0,0,2,0.0,2
2497,0,72.0,0,1,0.0,3
2498,0,55.0,1,4,0.0,2
2499,1,33.0,0,1,1.0,2
2500,0,73.0,0,1,1.0,3
2501,0,65.0,1,4,1.0,3
2502,1,16.0,1,3,0.0,1
2503,1,67.0,1,1,0.0,3
2504,1,34.0,0,3,1.0,2
2505,1,54.0,0,1,0.0,2
2506,1,34.0,1,1,1.0,2
2507,0,57.0,1,3,0.0,2
2508,0,36.0,0,3,1.0,2
2509,1,22.0,1,2,1.0,2
2510,0,44.0,1,1,0.0,2
2511,1,48.0,1,2,1.0,2
